Workbook
Name SegmentaciónDeDatos_Eje: #N/A
Name SegmentaciónDeDatos_N_R: #N/A
Name SegmentaciónDeDatos_Situación_Actual: #N/A
Name VALOR_EJE: #REF!
Name VALOR_EJE: #REF!
Name VALOR_EJE: #REF!
Name VALOR_LLANTAS: #REF!
Name VALOR_LLANTAS: #REF!
Name VALOR_LLANTAS: #REF!
Name VALOR_VEHICULOS: #REF!
Name VALOR_VEHICULOS: #REF!
Name VALOR_VEHICULOS: #REF!

Sheet ITN
A1: Seleccione Equipo | D1: EN PROCESO DE CREACIÓN | AJ1: Lista Equipos
A2: A1Q-748 | C2: Tipo: | H2: Código: | AJ2: A1Q-748
AJ3: A2B-678
A4: Rendimiento | C4: Horómetro: | F4: Fecha Inspección:
C5: Kilometraje: | J5: Remanente (NSK) | L5: Presión (PSI) | Q5: RATIOS
A6: Estado Actual | C6: Pos | D6: Codigo | E6: Marca | F6: Medida | G6: Diseño | H6: N-R | J6: Original | K6: Actual | L6: Recomendado | M6: Actual | N6: Diferencia | O6: Tapa Válvula | Q6: #N/A | R6: % Vida Útil | S6: #N/A | T6: Observaciones / Recomendaciones | AE6: Rendimiento
A7: #N/A | C7: 1 | E7: #N/A | F7: #N/A | G7: #N/A | H7: #N/A | J7: #N/A | K7: #N/A | L7: #N/A | M7: #N/A | N7: #N/A | O7: #N/A | Q7: #N/A | R7: #N/A | S7: #N/A | T7: #N/A | U7: #N/A | V7: #N/A | W7: #N/A | X7: #N/A | Y7: #N/A | Z7: #N/A | AA7: #N/A | AB7: #N/A | AC7: #N/A | AE7: #N/A
A8: #N/A | C8: 2 | D8: #N/A | E8: #N/A | F8: #N/A | G8: #N/A | H8: #N/A | J8: #N/A | K8: #N/A | L8: #N/A | M8: #N/A | N8: #N/A | O8: #N/A | Q8: #N/A | R8: #N/A | S8: #N/A | T8: #N/A | U8: #N/A | V8: #N/A | W8: #N/A | X8: #N/A | Y8: #N/A | Z8: #N/A | AA8: #N/A | AB8: #N/A | AC8: #N/A | AE8: #N/A
A9: #N/A | C9: 3 | D9: #N/A | E9: #N/A | F9: #N/A | G9: #N/A | H9: #N/A | J9: #N/A | K9: #N/A | L9: #N/A | M9: #N/A | N9: #N/A | O9: #N/A | Q9: #N/A | R9: #N/A | S9: #N/A | T9: #N/A | U9: #N/A | V9: #N/A | W9: #N/A | X9: #N/A | Y9: #N/A | Z9: #N/A | AA9: #N/A | AB9: #N/A | AC9: #N/A | AE9: #N/A
A10: #N/A | C10: 4 | D10: #N/A | E10: #N/A | F10: #N/A | G10: #N/A | H10: #N/A | J10: #N/A | K10: #N/A | L10: #N/A | M10: #N/A | N10: #N/A | O10: #N/A | Q10: #N/A | R10: #N/A | S10: #N/A | T10: #N/A | U10: #N/A | V10: #N/A | W10: #N/A | X10: #N/A | Y10: #N/A | Z10: #N/A | AA10: #N/A | AB10: #N/A | AC10: #N/A | AE10: #N/A
A11: #N/A | C11: 5 | D11: #N/A | E11: #N/A | F11: #N/A | G11: #N/A | H11: #N/A | J11: #N/A | K11: #N/A | L11: #N/A | M11: #N/A | N11: #N/A | O11: #N/A | Q11: #N/A | R11: #N/A | S11: #N/A | T11: #N/A | U11: #N/A | V11: #N/A | W11: #N/A | X11: #N/A | Y11: #N/A | Z11: #N/A | AA11: #N/A | AB11: #N/A | AC11: #N/A | AE11: #N/A
A12: #N/A | C12: 6 | D12: #N/A | E12: #N/A | F12: #N/A | G12: #N/A | H12: #N/A | J12: #N/A | K12: #N/A | L12: #N/A | M12: #N/A | N12: #N/A | O12: #N/A | Q12: #N/A | R12: #N/A | S12: #N/A | T12: #N/A | U12: #N/A | V12: #N/A | W12: #N/A | X12: #N/A | Y12: #N/A | Z12: #N/A | AA12: #N/A | AB12: #N/A | AC12: #N/A | AE12: #N/A
V14: 1 | AA14: 2
V15: #N/A | AA15: #N/A
V16: 3 | AA16: 4
V18: 5 | AA18: 6

Sheet BASE_DATOS
O3: 23 | P3: 24 | Q3: 25 | R3: 26 | S3: 27 | T3: 28 | U3: 29 | V3: 30 | W3: 31 | X3: 32 | Y3: 33 | Z3: 37 | AC3: 38 | AD3: 39 | AE3: 40 | AF3: 41 | AG3: 42 | AH3: 43 | AI3: 44 | AJ3: 45 | AK3: 46 | AL3: 47 | AM3: 48 | AN3: 49 | AO3: 50 | AP3: 51 | AQ3: 52 | AR3: 53
A4: DATOS DE LA UNIDAD | E4: DATOS DEL NEUMÁTICO | O4: INSTALACIÓN | R4: INSPECCIÓN / DESINSTALACIÓN | AA4: RATIOS | AI4: RENDIMIENTO EN HORAS | AN4: RENDIMIENTO EN KILÓMETROS | AS4: 54 | AW4: 64 | AX4: 65
A5: Código_U | B5: Placa_U | C5: Tipo_U | D5: Eje | E5: Código_N | F5: Marca_N | G5: Medida_N | H5: Diseño_N | I5: Diseño | J5: N-R | K5: NSK Original | L5: PSI Rec. | M5: Precio US$ | N5: Proveedor | O5: Fecha | P5: Hr. | Q5: Km. | R5: Pos. | S5: Fecha2 | T5: Hr. Actual | U5: Km. Actual | V5: Ext. | W5: Cen. | X5: Int. | Y5: NSK | Z5: Tapa Válvula | AA5: Des. mm | AB5: NSK Reen | AC5: NSK Form. | AD5: % Max Des. | AE5: % Des | AF5: % Vida Útil | AG5: Horas Acumuladas | AH5: Kilómetros Acumulados | AI5: Horas Rodadas | AJ5: US$/Hr | AK5: Hrs/mm | AL5: Horas Proy. | AM5: US$/Hr Proy. | AN5: Kilómetros Rodados | AO5: US$/ Km | AP5: Kms/ mm | AQ5: Kilómetros Proy. | AR5: US$/Km Proy. | AS5: Situación Actual | AT5: Daños | AU5: Desgaste Irregular | AV5: Rotación | AW5: Observaciones Daños | AX5: Observaciones Desgaste Irregular | AY5: Reporte NSK
A6: TC-100 | B6: F8U-901 | C6: Tracto | D6: Direccional | F6: Goodyear | G6: 295/80R22.5 | H6: =IF(BASE_DATOS[[#This Row],[N-R]]="N",BASE_DATOS[[#This Row],[Diseño]],"Reencauche") -> KMAX S | I6: KMAX S | J6: N | K6: 15.8 | L6: 100 | R6: 1 | S6: 45385 | V6: 12 | W6: 13 | X6: 12 | Y6: =IFERROR(MIN(V6:X6),"") -> 12 | Z6: st | AA6: =IFERROR(BASE_DATOS[[#This Row],[NSK Original]]-BASE_DATOS[[#This Row],[NSK]]," ") -> 3.8 | AB6: ='NSK-TRACTO'!$A$2 -> 6 | AC6: =IF(BASE_DATOS[[#This Row],[NSK]]>=BASE_DATOS[[#This Row],[NSK Reen]],BASE_DATOS[[#This Row],[NSK Reen]],BASE_DATOS[[#This Row],[NSK]]) -> 6 | AD6: =IFERROR(100%-(BASE_DATOS[[#This Row],[NSK Reen]]/BASE_DATOS[[#This Row],[NSK Original]]),"") -> 0.62025316 | AE6: =IFERROR(100%-BASE_DATOS[[#This Row],[NSK]]/BASE_DATOS[[#This Row],[NSK Original]],"") -> 0.24050633 | AF6: =IFERROR(BASE_DATOS[[#This Row],[% Max Des.]]-BASE_DATOS[[#This Row],[% Des]],"") -> 0.37974684 | AI6: =IF(OR(BASE_DATOS[[#This Row],[Hr.]]="",BASE_DATOS[[#This Row],[Hr. Actual]]=""),"",BASE_DATOS[[#This Row],[Hr. Actual]]-BASE_DATOS[[#This Row],[Hr.]]+BASE_DATOS[[#This Row],[Horas Acumuladas]]) | AJ6: =IFERROR(BASE_DATOS[[#This Row],[Precio US$]]/BASE_DATOS[[#This Row],[Horas Rodadas]],"") | AK6: =IFERROR(BASE_DATOS[[#This Row],[Horas Rodadas]]/(BASE_DATOS[[#This Row],[NSK Original]]-BASE_DATOS[[#This Row],[NSK]]),"") | AL6: =IF(BASE_DATOS[[#This Row],[Situación Actual]]="RETIRADO","",IF(BASE_DATOS[[#This Row],[Situación Actual]]="RODANDO",IFERROR(BASE_DATOS[[#This Row],[Hrs/mm]]*(BASE_DATOS[[#This Row],[NSK]]-BASE_DATOS[[#This Row],[NSK Form.]])+BASE_DATOS[[#This Row],[Horas Rodadas]],""))) | AM6: =IFERROR(BASE_DATOS[[#This Row],[Precio US$]]/BASE_DATOS[[#This Row],[Horas Proy.]],"") | AN6: =IF(OR(BASE_DATOS[[#This Row],[Km.]]="",BASE_DATOS[[#This Row],[Km. Actual]]=""),"",BASE_DATOS[[#This Row],[Km. Actual]]-BASE_DATOS[[#This Row],[Km.]]+BASE_DATOS[[#This Row],[Kilómetros Acumulados]]) | AO6: =IFERROR(BASE_DATOS[[#This Row],[Precio US$]]/BASE_DATOS[[#This Row],[Kilómetros Rodados]],"") | AP6: =IFERROR(BASE_DATOS[[#This Row],[Kilómetros Rodados]]/(BASE_DATOS[[#This Row],[NSK Original]]-BASE_DATOS[[#This Row],[NSK]]),"") | AQ6: =IF(BASE_DATOS[[#This Row],[Situación Actual]]="RETIRADO","",IF(BASE_DATOS[[#This Row],[Situación Actual]]="RODANDO",IFERROR(BASE_DATOS[[#This Row],[Kms/ mm]]*(BASE_DATOS[[#This Row],[NSK]]-BASE_DATOS[[#This Row],[NSK Form.]])+BASE_DATOS[[#This Row],[Kilómetros Rodados]],""))) | AR6: =IFERROR(BASE_DATOS[[#This Row],[Precio US$]]/BASE_DATOS[[#This Row],[Kilómetros Proy.]],"") | AS6: Rodando | AY6: =CONCATENATE(BASE_DATOS[[#This Row],[Código_U]]&BASE_DATOS[[#This Row],[Pos.]]&BASE_DATOS[[#This Row],[Situación Actual]]) -> TC-1001Rodando
A7: TC-100 | B7: F8U-901 | C7: Tracto | D7: Direccional | F7: Goodyear | G7: 295/80R22.5 | H7: =IF(BASE_DATOS[[#This Row],[N-R]]="N",BASE_DATOS[[#This Row],[Diseño]],"Reencauche") -> KMAX S | I7: KMAX S | J7: N | K7: 15.8 | L7: 100 | R7: 2 | S7: 45385 | V7: 13 | W7: 14 | X7: 13 | Y7: =IFERROR(MIN(V7:X7),"") -> 13 | Z7: st | AA7: =IFERROR(BASE_DATOS[[#This Row],[NSK Original]]-BASE_DATOS[[#This Row],[NSK]]," ") -> 2.8 | AB7: ='NSK-TRACTO'!$A$2 -> 6 | AC7: =IF(BASE_DATOS[[#This Row],[NSK]]>=BASE_DATOS[[#This Row],[NSK Reen]],BASE_DATOS[[#This Row],[NSK Reen]],BASE_DATOS[[#This Row],[NSK]]) -> 6 | AD7: =IFERROR(100%-(BASE_DATOS[[#This Row],[NSK Reen]]/BASE_DATOS[[#This Row],[NSK Original]]),"") -> 0.62025316 | AE7: =IFERROR(100%-BASE_DATOS[[#This Row],[NSK]]/BASE_DATOS[[#This Row],[NSK Original]],"") -> 0.17721519 | AF7: =IFERROR(BASE_DATOS[[#This Row],[% Max Des.]]-BASE_DATOS[[#This Row],[% Des]],"") -> 0.44303797 | AI7: =IF(OR(BASE_DATOS[[#This Row],[Hr.]]="",BASE_DATOS[[#This Row],[Hr. Actual]]=""),"",BASE_DATOS[[#This Row],[Hr. Actual]]-BASE_DATOS[[#This Row],[Hr.]]+BASE_DATOS[[#This Row],[Horas Acumuladas]]) | AJ7: =IFERROR(BASE_DATOS[[#This Row],[Precio US$]]/BASE_DATOS[[#This Row],[Horas Rodadas]],"") | AK7: =IFERROR(BASE_DATOS[[#This Row],[Horas Rodadas]]/(BASE_DATOS[[#This Row],[NSK Original]]-BASE_DATOS[[#This Row],[NSK]]),"") | AL7: =IF(BASE_DATOS[[#This Row],[Situación Actual]]="RETIRADO","",IF(BASE_DATOS[[#This Row],[Situación Actual]]="RODANDO",IFERROR(BASE_DATOS[[#This Row],[Hrs/mm]]*(BASE_DATOS[[#This Row],[NSK]]-BASE_DATOS[[#This Row],[NSK Form.]])+BASE_DATOS[[#This Row],[Horas Rodadas]],""))) | AM7: =IFERROR(BASE_DATOS[[#This Row],[Precio US$]]/BASE_DATOS[[#This Row],[Horas Proy.]],"") | AN7: =IF(OR(BASE_DATOS[[#This Row],[Km.]]="",BASE_DATOS[[#This Row],[Km. Actual]]=""),"",BASE_DATOS[[#This Row],[Km. Actual]]-BASE_DATOS[[#This Row],[Km.]]+BASE_DATOS[[#This Row],[Kilómetros Acumulados]]) | AO7: =IFERROR(BASE_DATOS[[#This Row],[Precio US$]]/BASE_DATOS[[#This Row],[Kilómetros Rodados]],"") | AP7: =IFERROR(BASE_DATOS[[#This Row],[Kilómetros Rodados]]/(BASE_DATOS[[#This Row],[NSK Original]]-BASE_DATOS[[#This Row],[NSK]]),"") | AQ7: =IF(BASE_DATOS[[#This Row],[Situación Actual]]="RETIRADO","",IF(BASE_DATOS[[#This Row],[Situación Actual]]="RODANDO",IFERROR(BASE_DATOS[[#This Row],[Kms/ mm]]*(BASE_DATOS[[#This Row],[NSK]]-BASE_DATOS[[#This Row],[NSK Form.]])+BASE_DATOS[[#This Row],[Kilómetros Rodados]],""))) | AR7: =IFERROR(BASE_DATOS[[#This Row],[Precio US$]]/BASE_DATOS[[#This Row],[Kilómetros Proy.]],"") | AS7: Rodando | AY7: =CONCATENATE(BASE_DATOS[[#This Row],[Código_U]]&BASE_DATOS[[#This Row],[Pos.]]&BASE_DATOS[[#This Row],[Situación Actual]]) -> TC-1002Rodando
A8: TC-100 | B8: F8U-901 | C8: Tracto | D8: Tracción | F8: Continental | G8: 295/80R22.5 | H8: =IF(BASE_DATOS[[#This Row],[N-R]]="N",BASE_DATOS[[#This Row],[Diseño]],"Reencauche") -> Reencauche | I8: MDE | J8: 1R | K8: 22 | L8: 110 | R8: 3 | S8: 45385 | V8: 20 | X8: 20 | Y8: =IFERROR(MIN(V8:X8),"") -> 20 | Z8: st | AA8: =IFERROR(BASE_DATOS[[#This Row],[NSK Original]]-BASE_DATOS[[#This Row],[NSK]]," ") -> 2 | AB8: ='NSK-TRACTO'!$A$2 -> 6 | AC8: =IF(BASE_DATOS[[#This Row],[NSK]]>=BASE_DATOS[[#This Row],[NSK Reen]],BASE_DATOS[[#This Row],[NSK Reen]],BASE_DATOS[[#This Row],[NSK]]) -> 6 | AD8: =IFERROR(100%-(BASE_DATOS[[#This Row],[NSK Reen]]/BASE_DATOS[[#This Row],[NSK Original]]),"") -> 0.72727273 | AE8: =IFERROR(100%-BASE_DATOS[[#This Row],[NSK]]/BASE_DATOS[[#This Row],[NSK Original]],"") -> 0.090909091 | AF8: =IFERROR(BASE_DATOS[[#This Row],[% Max Des.]]-BASE_DATOS[[#This Row],[% Des]],"") -> 0.63636364 | AI8: =IF(OR(BASE_DATOS[[#This Row],[Hr.]]="",BASE_DATOS[[#This Row],[Hr. Actual]]=""),"",BASE_DATOS[[#This Row],[Hr. Actual]]-BASE_DATOS[[#This Row],[Hr.]]+BASE_DATOS[[#This Row],[Horas Acumuladas]]) | AJ8: =IFERROR(BASE_DATOS[[#This Row],[Precio US$]]/BASE_DATOS[[#This Row],[Horas Rodadas]],"") | AK8: =IFERROR(BASE_DATOS[[#This Row],[Horas Rodadas]]/(BASE_DATOS[[#This Row],[NSK Original]]-BASE_DATOS[[#This Row],[NSK]]),"") | AL8: =IF(BASE_DATOS[[#This Row],[Situación Actual]]="RETIRADO","",IF(BASE_DATOS[[#This Row],[Situación Actual]]="RODANDO",IFERROR(BASE_DATOS[[#This Row],[Hrs/mm]]*(BASE_DATOS[[#This Row],[NSK]]-BASE_DATOS[[#This Row],[NSK Form.]])+BASE_DATOS[[#This Row],[Horas Rodadas]],""))) | AM8: =IFERROR(BASE_DATOS[[#This Row],[Precio US$]]/BASE_DATOS[[#This Row],[Horas Proy.]],"") | AN8: =IF(OR(BASE_DATOS[[#This Row],[Km.]]="",BASE_DATOS[[#This Row],[Km. Actual]]=""),"",BASE_DATOS[[#This Row],[Km. Actual]]-BASE_DATOS[[#This Row],[Km.]]+BASE_DATOS[[#This Row],[Kilómetros Acumulados]]) | AO8: =IFERROR(BASE_DATOS[[#This Row],[Precio US$]]/BASE_DATOS[[#This Row],[Kilómetros Rodados]],"") | AP8: =IFERROR(BASE_DATOS[[#This Row],[Kilómetros Rodados]]/(BASE_DATOS[[#This Row],[NSK Original]]-BASE_DATOS[[#This Row],[NSK]]),"") | AQ8: =IF(BASE_DATOS[[#This Row],[Situación Actual]]="RETIRADO","",IF(BASE_DATOS[[#This Row],[Situación Actual]]="RODANDO",IFERROR(BASE_DATOS[[#This Row],[Kms/ mm]]*(BASE_DATOS[[#This Row],[NSK]]-BASE_DATOS[[#This Row],[NSK Form.]])+BASE_DATOS[[#This Row],[Kilómetros Rodados]],""))) | AR8: =IFERROR(BASE_DATOS[[#This Row],[Precio US$]]/BASE_DATOS[[#This Row],[Kilómetros Proy.]],"") | AS8: Rodando | AY8: =CONCATENATE(BASE_DATOS[[#This Row],[Código_U]]&BASE_DATOS[[#This Row],[Pos.]]&BASE_DATOS[[#This Row],[Situación Actual]]) -> TC-1003Rodando
A9: TC-100 | B9: F8U-901 | C9: Tracto | D9: Tracción | F9: Continental | G9: 295/80R22.5 | H9: =IF(BASE_DATOS[[#This Row],[N-R]]="N",BASE_DATOS[[#This Row],[Diseño]],"Reencauche") -> Reencauche | I9: MDE | J9: 1R | K9: 22 | L9: 110 | R9: 4 | S9: 45385 | V9: 20 | X9: 20 | Y9: =IFERROR(MIN(V9:X9),"") -> 20 | Z9: tm | AA9: =IFERROR(BASE_DATOS[[#This Row],[NSK Original]]-BASE_DATOS[[#This Row],[NSK]]," ") -> 2 | AB9: ='NSK-TRACTO'!$A$2 -> 6 | AC9: =IF(BASE_DATOS[[#This Row],[NSK]]>=BASE_DATOS[[#This Row],[NSK Reen]],BASE_DATOS[[#This Row],[NSK Reen]],BASE_DATOS[[#This Row],[NSK]]) -> 6 | AD9: =IFERROR(100%-(BASE_DATOS[[#This Row],[NSK Reen]]/BASE_DATOS[[#This Row],[NSK Original]]),"") -> 0.72727273 | AE9: =IFERROR(100%-BASE_DATOS[[#This Row],[NSK]]/BASE_DATOS[[#This Row],[NSK Original]],"") -> 0.090909091 | AF9: =IFERROR(BASE_DATOS[[#This Row],[% Max Des.]]-BASE_DATOS[[#This Row],[% Des]],"") -> 0.63636364 | AI9: =IF(OR(BASE_DATOS[[#This Row],[Hr.]]="",BASE_DATOS[[#This Row],[Hr. Actual]]=""),"",BASE_DATOS[[#This Row],[Hr. Actual]]-BASE_DATOS[[#This Row],[Hr.]]+BASE_DATOS[[#This Row],[Horas Acumuladas]]) | AJ9: =IFERROR(BASE_DATOS[[#This Row],[Precio US$]]/BASE_DATOS[[#This Row],[Horas Rodadas]],"") | AK9: =IFERROR(BASE_DATOS[[#This Row],[Horas Rodadas]]/(BASE_DATOS[[#This Row],[NSK Original]]-BASE_DATOS[[#This Row],[NSK]]),"") | AL9: =IF(BASE_DATOS[[#This Row],[Situación Actual]]="RETIRADO","",IF(BASE_DATOS[[#This Row],[Situación Actual]]="RODANDO",IFERROR(BASE_DATOS[[#This Row],[Hrs/mm]]*(BASE_DATOS[[#This Row],[NSK]]-BASE_DATOS[[#This Row],[NSK Form.]])+BASE_DATOS[[#This Row],[Horas Rodadas]],""))) | AM9: =IFERROR(BASE_DATOS[[#This Row],[Precio US$]]/BASE_DATOS[[#This Row],[Horas Proy.]],"") | AN9: =IF(OR(BASE_DATOS[[#This Row],[Km.]]="",BASE_DATOS[[#This Row],[Km. Actual]]=""),"",BASE_DATOS[[#This Row],[Km. Actual]]-BASE_DATOS[[#This Row],[Km.]]+BASE_DATOS[[#This Row],[Kilómetros Acumulados]]) | AO9: =IFERROR(BASE_DATOS[[#This Row],[Precio US$]]/BASE_DATOS[[#This Row],[Kilómetros Rodados]],"") | AP9: =IFERROR(BASE_DATOS[[#This Row],[Kilómetros Rodados]]/(BASE_DATOS[[#This Row],[NSK Original]]-BASE_DATOS[[#This Row],[NSK]]),"") | AQ9: =IF(BASE_DATOS[[#This Row],[Situación Actual]]="RETIRADO","",IF(BASE_DATOS[[#This Row],[Situación Actual]]="RODANDO",IFERROR(BASE_DATOS[[#This Row],[Kms/ mm]]*(BASE_DATOS[[#This Row],[NSK]]-BASE_DATOS[[#This Row],[NSK Form.]])+BASE_DATOS[[#This Row],[Kilómetros Rodados]],""))) | AR9: =IFERROR(BASE_DATOS[[#This Row],[Precio US$]]/BASE_DATOS[[#This Row],[Kilómetros Proy.]],"") | AS9: Rodando | AY9: =CONCATENATE(BASE_DATOS[[#This Row],[Código_U]]&BASE_DATOS[[#This Row],[Pos.]]&BASE_DATOS[[#This Row],[Situación Actual]]) -> TC-1004Rodando
A10: TC-100 | B10: F8U-901 | C10: Tracto | D10: Tracción | F10: Continental | G10: 295/80R22.5 | H10: =IF(BASE_DATOS[[#This Row],[N-R]]="N",BASE_DATOS[[#This Row],[Diseño]],"Reencauche") -> Reencauche | I10: MDE | J10: 1R | K10: 22 | L10: 110 | R10: 5 | S10: 45385 | V10: 20 | X10: 20 | Y10: =IFERROR(MIN(V10:X10),"") -> 20 | Z10: st | AA10: =IFERROR(BASE_DATOS[[#This Row],[NSK Original]]-BASE_DATOS[[#This Row],[NSK]]," ") -> 2 | AB10: ='NSK-TRACTO'!$A$2 -> 6 | AC10: =IF(BASE_DATOS[[#This Row],[NSK]]>=BASE_DATOS[[#This Row],[NSK Reen]],BASE_DATOS[[#This Row],[NSK Reen]],BASE_DATOS[[#This Row],[NSK]]) -> 6 | AD10: =IFERROR(100%-(BASE_DATOS[[#This Row],[NSK Reen]]/BASE_DATOS[[#This Row],[NSK Original]]),"") -> 0.72727273 | AE10: =IFERROR(100%-BASE_DATOS[[#This Row],[NSK]]/BASE_DATOS[[#This Row],[NSK Original]],"") -> 0.090909091 | AF10: =IFERROR(BASE_DATOS[[#This Row],[% Max Des.]]-BASE_DATOS[[#This Row],[% Des]],"") -> 0.63636364 | AI10: =IF(OR(BASE_DATOS[[#This Row],[Hr.]]="",BASE_DATOS[[#This Row],[Hr. Actual]]=""),"",BASE_DATOS[[#This Row],[Hr. Actual]]-BASE_DATOS[[#This Row],[Hr.]]+BASE_DATOS[[#This Row],[Horas Acumuladas]]) | AJ10: =IFERROR(BASE_DATOS[[#This Row],[Precio US$]]/BASE_DATOS[[#This Row],[Horas Rodadas]],"") | AK10: =IFERROR(BASE_DATOS[[#This Row],[Horas Rodadas]]/(BASE_DATOS[[#This Row],[NSK Original]]-BASE_DATOS[[#This Row],[NSK]]),"") | AL10: =IF(BASE_DATOS[[#This Row],[Situación Actual]]="RETIRADO","",IF(BASE_DATOS[[#This Row],[Situación Actual]]="RODANDO",IFERROR(BASE_DATOS[[#This Row],[Hrs/mm]]*(BASE_DATOS[[#This Row],[NSK]]-BASE_DATOS[[#This Row],[NSK Form.]])+BASE_DATOS[[#This Row],[Horas Rodadas]],""))) | AM10: =IFERROR(BASE_DATOS[[#This Row],[Precio US$]]/BASE_DATOS[[#This Row],[Horas Proy.]],"") | AN10: =IF(OR(BASE_DATOS[[#This Row],[Km.]]="",BASE_DATOS[[#This Row],[Km. Actual]]=""),"",BASE_DATOS[[#This Row],[Km. Actual]]-BASE_DATOS[[#This Row],[Km.]]+BASE_DATOS[[#This Row],[Kilómetros Acumulados]]) | AO10: =IFERROR(BASE_DATOS[[#This Row],[Precio US$]]/BASE_DATOS[[#This Row],[Kilómetros Rodados]],"") | AP10: =IFERROR(BASE_DATOS[[#This Row],[Kilómetros Rodados]]/(BASE_DATOS[[#This Row],[NSK Original]]-BASE_DATOS[[#This Row],[NSK]]),"") | AQ10: =IF(BASE_DATOS[[#This Row],[Situación Actual]]="RETIRADO","",IF(BASE_DATOS[[#This Row],[Situación Actual]]="RODANDO",IFERROR(BASE_DATOS[[#This Row],[Kms/ mm]]*(BASE_DATOS[[#This Row],[NSK]]-BASE_DATOS[[#This Row],[NSK Form.]])+BASE_DATOS[[#This Row],[Kilómetros Rodados]],""))) | AR10: =IFERROR(BASE_DATOS[[#This Row],[Precio US$]]/BASE_DATOS[[#This Row],[Kilómetros Proy.]],"") | AS10: Rodando | AY10: =CONCATENATE(BASE_DATOS[[#This Row],[Código_U]]&BASE_DATOS[[#This Row],[Pos.]]&BASE_DATOS[[#This Row],[Situación Actual]]) -> TC-1005Rodando
A11: TC-100 | B11: F8U-901 | C11: Tracto | D11: Tracción | F11: Continental | G11: 295/80R22.5 | H11: =IF(BASE_DATOS[[#This Row],[N-R]]="N",BASE_DATOS[[#This Row],[Diseño]],"Reencauche") -> Reencauche | I11: MDE | J11: 1R | K11: 22 | L11: 110 | R11: 6 | S11: 45385 | V11: 20 | X11: 20 | Y11: =IFERROR(MIN(V11:X11),"") -> 20 | Z11: st | AA11: =IFERROR(BASE_DATOS[[#This Row],[NSK Original]]-BASE_DATOS[[#This Row],[NSK]]," ") -> 2 | AB11: ='NSK-TRACTO'!$A$2 -> 6 | AC11: =IF(BASE_DATOS[[#This Row],[NSK]]>=BASE_DATOS[[#This Row],[NSK Reen]],BASE_DATOS[[#This Row],[NSK Reen]],BASE_DATOS[[#This Row],[NSK]]) -> 6 | AD11: =IFERROR(100%-(BASE_DATOS[[#This Row],[NSK Reen]]/BASE_DATOS[[#This Row],[NSK Original]]),"") -> 0.72727273 | AE11: =IFERROR(100%-BASE_DATOS[[#This Row],[NSK]]/BASE_DATOS[[#This Row],[NSK Original]],"") -> 0.090909091 | AF11: =IFERROR(BASE_DATOS[[#This Row],[% Max Des.]]-BASE_DATOS[[#This Row],[% Des]],"") -> 0.63636364 | AI11: =IF(OR(BASE_DATOS[[#This Row],[Hr.]]="",BASE_DATOS[[#This Row],[Hr. Actual]]=""),"",BASE_DATOS[[#This Row],[Hr. Actual]]-BASE_DATOS[[#This Row],[Hr.]]+BASE_DATOS[[#This Row],[Horas Acumuladas]]) | AJ11: =IFERROR(BASE_DATOS[[#This Row],[Precio US$]]/BASE_DATOS[[#This Row],[Horas Rodadas]],"") | AK11: =IFERROR(BASE_DATOS[[#This Row],[Horas Rodadas]]/(BASE_DATOS[[#This Row],[NSK Original]]-BASE_DATOS[[#This Row],[NSK]]),"") | AL11: =IF(BASE_DATOS[[#This Row],[Situación Actual]]="RETIRADO","",IF(BASE_DATOS[[#This Row],[Situación Actual]]="RODANDO",IFERROR(BASE_DATOS[[#This Row],[Hrs/mm]]*(BASE_DATOS[[#This Row],[NSK]]-BASE_DATOS[[#This Row],[NSK Form.]])+BASE_DATOS[[#This Row],[Horas Rodadas]],""))) | AM11: =IFERROR(BASE_DATOS[[#This Row],[Precio US$]]/BASE_DATOS[[#This Row],[Horas Proy.]],"") | AN11: =IF(OR(BASE_DATOS[[#This Row],[Km.]]="",BASE_DATOS[[#This Row],[Km. Actual]]=""),"",BASE_DATOS[[#This Row],[Km. Actual]]-BASE_DATOS[[#This Row],[Km.]]+BASE_DATOS[[#This Row],[Kilómetros Acumulados]]) | AO11: =IFERROR(BASE_DATOS[[#This Row],[Precio US$]]/BASE_DATOS[[#This Row],[Kilómetros Rodados]],"") | AP11: =IFERROR(BASE_DATOS[[#This Row],[Kilómetros Rodados]]/(BASE_DATOS[[#This Row],[NSK Original]]-BASE_DATOS[[#This Row],[NSK]]),"") | AQ11: =IF(BASE_DATOS[[#This Row],[Situación Actual]]="RETIRADO","",IF(BASE_DATOS[[#This Row],[Situación Actual]]="RODANDO",IFERROR(BASE_DATOS[[#This Row],[Kms/ mm]]*(BASE_DATOS[[#This Row],[NSK]]-BASE_DATOS[[#This Row],[NSK Form.]])+BASE_DATOS[[#This Row],[Kilómetros Rodados]],""))) | AR11: =IFERROR(BASE_DATOS[[#This Row],[Precio US$]]/BASE_DATOS[[#This Row],[Kilómetros Proy.]],"") | AS11: Rodando | AY11: =CONCATENATE(BASE_DATOS[[#This Row],[Código_U]]&BASE_DATOS[[#This Row],[Pos.]]&BASE_DATOS[[#This Row],[Situación Actual]]) -> TC-1006Rodando
A12: TC-100 | B12: F8U-901 | C12: Tracto | D12: Tracción | F12: Goodyear | G12: 295/80R22.5 | H12: =IF(BASE_DATOS[[#This Row],[N-R]]="N",BASE_DATOS[[#This Row],[Diseño]],"Reencauche") -> KMAXD | I12: KMAXD | J12: N | K12: 22.2 | L12: 110 | R12: 7 | S12: 45385 | V12: 21 | X12: 21 | Y12: =IFERROR(MIN(V12:X12),"") -> 21 | Z12: st | AA12: =IFERROR(BASE_DATOS[[#This Row],[NSK Original]]-BASE_DATOS[[#This Row],[NSK]]," ") -> 1.2 | AB12: ='NSK-TRACTO'!$A$2 -> 6 | AC12: =IF(BASE_DATOS[[#This Row],[NSK]]>=BASE_DATOS[[#This Row],[NSK Reen]],BASE_DATOS[[#This Row],[NSK Reen]],BASE_DATOS[[#This Row],[NSK]]) -> 6 | AD12: =IFERROR(100%-(BASE_DATOS[[#This Row],[NSK Reen]]/BASE_DATOS[[#This Row],[NSK Original]]),"") -> 0.72972973 | AE12: =IFERROR(100%-BASE_DATOS[[#This Row],[NSK]]/BASE_DATOS[[#This Row],[NSK Original]],"") -> 0.054054054 | AF12: =IFERROR(BASE_DATOS[[#This Row],[% Max Des.]]-BASE_DATOS[[#This Row],[% Des]],"") -> 0.67567568 | AI12: =IF(OR(BASE_DATOS[[#This Row],[Hr.]]="",BASE_DATOS[[#This Row],[Hr. Actual]]=""),"",BASE_DATOS[[#This Row],[Hr. Actual]]-BASE_DATOS[[#This Row],[Hr.]]+BASE_DATOS[[#This Row],[Horas Acumuladas]]) | AJ12: =IFERROR(BASE_DATOS[[#This Row],[Precio US$]]/BASE_DATOS[[#This Row],[Horas Rodadas]],"") | AK12: =IFERROR(BASE_DATOS[[#This Row],[Horas Rodadas]]/(BASE_DATOS[[#This Row],[NSK Original]]-BASE_DATOS[[#This Row],[NSK]]),"") | AL12: =IF(BASE_DATOS[[#This Row],[Situación Actual]]="RETIRADO","",IF(BASE_DATOS[[#This Row],[Situación Actual]]="RODANDO",IFERROR(BASE_DATOS[[#This Row],[Hrs/mm]]*(BASE_DATOS[[#This Row],[NSK]]-BASE_DATOS[[#This Row],[NSK Form.]])+BASE_DATOS[[#This Row],[Horas Rodadas]],""))) | AM12: =IFERROR(BASE_DATOS[[#This Row],[Precio US$]]/BASE_DATOS[[#This Row],[Horas Proy.]],"") | AN12: =IF(OR(BASE_DATOS[[#This Row],[Km.]]="",BASE_DATOS[[#This Row],[Km. Actual]]=""),"",BASE_DATOS[[#This Row],[Km. Actual]]-BASE_DATOS[[#This Row],[Km.]]+BASE_DATOS[[#This Row],[Kilómetros Acumulados]]) | AO12: =IFERROR(BASE_DATOS[[#This Row],[Precio US$]]/BASE_DATOS[[#This Row],[Kilómetros Rodados]],"") | AP12: =IFERROR(BASE_DATOS[[#This Row],[Kilómetros Rodados]]/(BASE_DATOS[[#This Row],[NSK Original]]-BASE_DATOS[[#This Row],[NSK]]),"") | AQ12: =IF(BASE_DATOS[[#This Row],[Situación Actual]]="RETIRADO","",IF(BASE_DATOS[[#This Row],[Situación Actual]]="RODANDO",IFERROR(BASE_DATOS[[#This Row],[Kms/ mm]]*(BASE_DATOS[[#This Row],[NSK]]-BASE_DATOS[[#This Row],[NSK Form.]])+BASE_DATOS[[#This Row],[Kilómetros Rodados]],""))) | AR12: =IFERROR(BASE_DATOS[[#This Row],[Precio US$]]/BASE_DATOS[[#This Row],[Kilómetros Proy.]],"") | AS12: Rodando | AY12: =CONCATENATE(BASE_DATOS[[#This Row],[Código_U]]&BASE_DATOS[[#This Row],[Pos.]]&BASE_DATOS[[#This Row],[Situación Actual]]) -> TC-1007Rodando
A13: TC-100 | B13: F8U-901 | C13: Tracto | D13: Tracción | F13: Goodyear | G13: 295/80R22.5 | H13: =IF(BASE_DATOS[[#This Row],[N-R]]="N",BASE_DATOS[[#This Row],[Diseño]],"Reencauche") -> KMAXD | I13: KMAXD | J13: N | K13: 22.2 | L13: 110 | R13: 8 | S13: 45385 | V13: 21 | X13: 21 | Y13: =IFERROR(MIN(V13:X13),"") -> 21 | Z13: tm | AA13: =IFERROR(BASE_DATOS[[#This Row],[NSK Original]]-BASE_DATOS[[#This Row],[NSK]]," ") -> 1.2 | AB13: ='NSK-TRACTO'!$A$2 -> 6 | AC13: =IF(BASE_DATOS[[#This Row],[NSK]]>=BASE_DATOS[[#This Row],[NSK Reen]],BASE_DATOS[[#This Row],[NSK Reen]],BASE_DATOS[[#This Row],[NSK]]) -> 6 | AD13: =IFERROR(100%-(BASE_DATOS[[#This Row],[NSK Reen]]/BASE_DATOS[[#This Row],[NSK Original]]),"") -> 0.72972973 | AE13: =IFERROR(100%-BASE_DATOS[[#This Row],[NSK]]/BASE_DATOS[[#This Row],[NSK Original]],"") -> 0.054054054 | AF13: =IFERROR(BASE_DATOS[[#This Row],[% Max Des.]]-BASE_DATOS[[#This Row],[% Des]],"") -> 0.67567568 | AI13: =IF(OR(BASE_DATOS[[#This Row],[Hr.]]="",BASE_DATOS[[#This Row],[Hr. Actual]]=""),"",BASE_DATOS[[#This Row],[Hr. Actual]]-BASE_DATOS[[#This Row],[Hr.]]+BASE_DATOS[[#This Row],[Horas Acumuladas]]) | AJ13: =IFERROR(BASE_DATOS[[#This Row],[Precio US$]]/BASE_DATOS[[#This Row],[Horas Rodadas]],"") | AK13: =IFERROR(BASE_DATOS[[#This Row],[Horas Rodadas]]/(BASE_DATOS[[#This Row],[NSK Original]]-BASE_DATOS[[#This Row],[NSK]]),"") | AL13: =IF(BASE_DATOS[[#This Row],[Situación Actual]]="RETIRADO","",IF(BASE_DATOS[[#This Row],[Situación Actual]]="RODANDO",IFERROR(BASE_DATOS[[#This Row],[Hrs/mm]]*(BASE_DATOS[[#This Row],[NSK]]-BASE_DATOS[[#This Row],[NSK Form.]])+BASE_DATOS[[#This Row],[Horas Rodadas]],""))) | AM13: =IFERROR(BASE_DATOS[[#This Row],[Precio US$]]/BASE_DATOS[[#This Row],[Horas Proy.]],"") | AN13: =IF(OR(BASE_DATOS[[#This Row],[Km.]]="",BASE_DATOS[[#This Row],[Km. Actual]]=""),"",BASE_DATOS[[#This Row],[Km. Actual]]-BASE_DATOS[[#This Row],[Km.]]+BASE_DATOS[[#This Row],[Kilómetros Acumulados]]) | AO13: =IFERROR(BASE_DATOS[[#This Row],[Precio US$]]/BASE_DATOS[[#This Row],[Kilómetros Rodados]],"") | AP13: =IFERROR(BASE_DATOS[[#This Row],[Kilómetros Rodados]]/(BASE_DATOS[[#This Row],[NSK Original]]-BASE_DATOS[[#This Row],[NSK]]),"") | AQ13: =IF(BASE_DATOS[[#This Row],[Situación Actual]]="RETIRADO","",IF(BASE_DATOS[[#This Row],[Situación Actual]]="RODANDO",IFERROR(BASE_DATOS[[#This Row],[Kms/ mm]]*(BASE_DATOS[[#This Row],[NSK]]-BASE_DATOS[[#This Row],[NSK Form.]])+BASE_DATOS[[#This Row],[Kilómetros Rodados]],""))) | AR13: =IFERROR(BASE_DATOS[[#This Row],[Precio US$]]/BASE_DATOS[[#This Row],[Kilómetros Proy.]],"") | AS13: Rodando | AY13: =CONCATENATE(BASE_DATOS[[#This Row],[Código_U]]&BASE_DATOS[[#This Row],[Pos.]]&BASE_DATOS[[#This Row],[Situación Actual]]) -> TC-1008Rodando
A14: TC-100 | B14: F8U-901 | C14: Tracto | D14: Tracción | F14: Goodyear | G14: 295/80R22.5 | H14: =IF(BASE_DATOS[[#This Row],[N-R]]="N",BASE_DATOS[[#This Row],[Diseño]],"Reencauche") -> KMAXD | I14: KMAXD | J14: N | K14: 22.2 | L14: 110 | R14: 9 | S14: 45385 | V14: 21 | X14: 21 | Y14: =IFERROR(MIN(V14:X14),"") -> 21 | Z14: st | AA14: =IFERROR(BASE_DATOS[[#This Row],[NSK Original]]-BASE_DATOS[[#This Row],[NSK]]," ") -> 1.2 | AB14: ='NSK-TRACTO'!$A$2 -> 6 | AC14: =IF(BASE_DATOS[[#This Row],[NSK]]>=BASE_DATOS[[#This Row],[NSK Reen]],BASE_DATOS[[#This Row],[NSK Reen]],BASE_DATOS[[#This Row],[NSK]]) -> 6 | AD14: =IFERROR(100%-(BASE_DATOS[[#This Row],[NSK Reen]]/BASE_DATOS[[#This Row],[NSK Original]]),"") -> 0.72972973 | AE14: =IFERROR(100%-BASE_DATOS[[#This Row],[NSK]]/BASE_DATOS[[#This Row],[NSK Original]],"") -> 0.054054054 | AF14: =IFERROR(BASE_DATOS[[#This Row],[% Max Des.]]-BASE_DATOS[[#This Row],[% Des]],"") -> 0.67567568 | AI14: =IF(OR(BASE_DATOS[[#This Row],[Hr.]]="",BASE_DATOS[[#This Row],[Hr. Actual]]=""),"",BASE_DATOS[[#This Row],[Hr. Actual]]-BASE_DATOS[[#This Row],[Hr.]]+BASE_DATOS[[#This Row],[Horas Acumuladas]]) | AJ14: =IFERROR(BASE_DATOS[[#This Row],[Precio US$]]/BASE_DATOS[[#This Row],[Horas Rodadas]],"") | AK14: =IFERROR(BASE_DATOS[[#This Row],[Horas Rodadas]]/(BASE_DATOS[[#This Row],[NSK Original]]-BASE_DATOS[[#This Row],[NSK]]),"") | AL14: =IF(BASE_DATOS[[#This Row],[Situación Actual]]="RETIRADO","",IF(BASE_DATOS[[#This Row],[Situación Actual]]="RODANDO",IFERROR(BASE_DATOS[[#This Row],[Hrs/mm]]*(BASE_DATOS[[#This Row],[NSK]]-BASE_DATOS[[#This Row],[NSK Form.]])+BASE_DATOS[[#This Row],[Horas Rodadas]],""))) | AM14: =IFERROR(BASE_DATOS[[#This Row],[Precio US$]]/BASE_DATOS[[#This Row],[Horas Proy.]],"") | AN14: =IF(OR(BASE_DATOS[[#This Row],[Km.]]="",BASE_DATOS[[#This Row],[Km. Actual]]=""),"",BASE_DATOS[[#This Row],[Km. Actual]]-BASE_DATOS[[#This Row],[Km.]]+BASE_DATOS[[#This Row],[Kilómetros Acumulados]]) | AO14: =IFERROR(BASE_DATOS[[#This Row],[Precio US$]]/BASE_DATOS[[#This Row],[Kilómetros Rodados]],"") | AP14: =IFERROR(BASE_DATOS[[#This Row],[Kilómetros Rodados]]/(BASE_DATOS[[#This Row],[NSK Original]]-BASE_DATOS[[#This Row],[NSK]]),"") | AQ14: =IF(BASE_DATOS[[#This Row],[Situación Actual]]="RETIRADO","",IF(BASE_DATOS[[#This Row],[Situación Actual]]="RODANDO",IFERROR(BASE_DATOS[[#This Row],[Kms/ mm]]*(BASE_DATOS[[#This Row],[NSK]]-BASE_DATOS[[#This Row],[NSK Form.]])+BASE_DATOS[[#This Row],[Kilómetros Rodados]],""))) | AR14: =IFERROR(BASE_DATOS[[#This Row],[Precio US$]]/BASE_DATOS[[#This Row],[Kilómetros Proy.]],"") | AS14: Rodando | AY14: =CONCATENATE(BASE_DATOS[[#This Row],[Código_U]]&BASE_DATOS[[#This Row],[Pos.]]&BASE_DATOS[[#This Row],[Situación Actual]]) -> TC-1009Rodando
A15: TC-100 | B15: F8U-901 | C15: Tracto | D15: Tracción | F15: Goodyear | G15: 295/80R22.5 | H15: =IF(BASE_DATOS[[#This Row],[N-R]]="N",BASE_DATOS[[#This Row],[Diseño]],"Reencauche") -> KMAXD | I15: KMAXD | J15: N | K15: 22.2 | L15: 110 | R15: 10 | S15: 45385 | V15: 21 | X15: 21 | Y15: =IFERROR(MIN(V15:X15),"") -> 21 | Z15: st | AA15: =IFERROR(BASE_DATOS[[#This Row],[NSK Original]]-BASE_DATOS[[#This Row],[NSK]]," ") -> 1.2 | AB15: ='NSK-TRACTO'!$A$2 -> 6 | AC15: =IF(BASE_DATOS[[#This Row],[NSK]]>=BASE_DATOS[[#This Row],[NSK Reen]],BASE_DATOS[[#This Row],[NSK Reen]],BASE_DATOS[[#This Row],[NSK]]) -> 6 | AD15: =IFERROR(100%-(BASE_DATOS[[#This Row],[NSK Reen]]/BASE_DATOS[[#This Row],[NSK Original]]),"") -> 0.72972973 | AE15: =IFERROR(100%-BASE_DATOS[[#This Row],[NSK]]/BASE_DATOS[[#This Row],[NSK Original]],"") -> 0.054054054 | AF15: =IFERROR(BASE_DATOS[[#This Row],[% Max Des.]]-BASE_DATOS[[#This Row],[% Des]],"") -> 0.67567568 | AI15: =IF(OR(BASE_DATOS[[#This Row],[Hr.]]="",BASE_DATOS[[#This Row],[Hr. Actual]]=""),"",BASE_DATOS[[#This Row],[Hr. Actual]]-BASE_DATOS[[#This Row],[Hr.]]+BASE_DATOS[[#This Row],[Horas Acumuladas]]) | AJ15: =IFERROR(BASE_DATOS[[#This Row],[Precio US$]]/BASE_DATOS[[#This Row],[Horas Rodadas]],"") | AK15: =IFERROR(BASE_DATOS[[#This Row],[Horas Rodadas]]/(BASE_DATOS[[#This Row],[NSK Original]]-BASE_DATOS[[#This Row],[NSK]]),"") | AL15: =IF(BASE_DATOS[[#This Row],[Situación Actual]]="RETIRADO","",IF(BASE_DATOS[[#This Row],[Situación Actual]]="RODANDO",IFERROR(BASE_DATOS[[#This Row],[Hrs/mm]]*(BASE_DATOS[[#This Row],[NSK]]-BASE_DATOS[[#This Row],[NSK Form.]])+BASE_DATOS[[#This Row],[Horas Rodadas]],""))) | AM15: =IFERROR(BASE_DATOS[[#This Row],[Precio US$]]/BASE_DATOS[[#This Row],[Horas Proy.]],"") | AN15: =IF(OR(BASE_DATOS[[#This Row],[Km.]]="",BASE_DATOS[[#This Row],[Km. Actual]]=""),"",BASE_DATOS[[#This Row],[Km. Actual]]-BASE_DATOS[[#This Row],[Km.]]+BASE_DATOS[[#This Row],[Kilómetros Acumulados]]) | AO15: =IFERROR(BASE_DATOS[[#This Row],[Precio US$]]/BASE_DATOS[[#This Row],[Kilómetros Rodados]],"") | AP15: =IFERROR(BASE_DATOS[[#This Row],[Kilómetros Rodados]]/(BASE_DATOS[[#This Row],[NSK Original]]-BASE_DATOS[[#This Row],[NSK]]),"") | AQ15: =IF(BASE_DATOS[[#This Row],[Situación Actual]]="RETIRADO","",IF(BASE_DATOS[[#This Row],[Situación Actual]]="RODANDO",IFERROR(BASE_DATOS[[#This Row],[Kms/ mm]]*(BASE_DATOS[[#This Row],[NSK]]-BASE_DATOS[[#This Row],[NSK Form.]])+BASE_DATOS[[#This Row],[Kilómetros Rodados]],""))) | AR15: =IFERROR(BASE_DATOS[[#This Row],[Precio US$]]/BASE_DATOS[[#This Row],[Kilómetros Proy.]],"") | AS15: Rodando | AY15: =CONCATENATE(BASE_DATOS[[#This Row],[Código_U]]&BASE_DATOS[[#This Row],[Pos.]]&BASE_DATOS[[#This Row],[Situación Actual]]) -> TC-10010Rodando
A16: SR-100 | B16: TOU-972 | C16: Encapsulado | D16: Libre | F16: Aeolus | G16: 445/65R22.5 | H16: =IF(BASE_DATOS[[#This Row],[N-R]]="N",BASE_DATOS[[#This Row],[Diseño]],"Reencauche") -> AGC28 | I16: AGC28 | J16: N | K16: 16.5 | L16: 110 | R16: 1 | S16: 45385 | V16: 8 | W16: 7 | X16: 8 | Y16: =IFERROR(MIN(V16:X16),"") -> 7 | Z16: st | AA16: =IFERROR(BASE_DATOS[[#This Row],[NSK Original]]-BASE_DATOS[[#This Row],[NSK]]," ") -> 9.5 | AB16: ='NSK-TRACTO'!$A$2 -> 6 | AC16: =IF(BASE_DATOS[[#This Row],[NSK]]>=BASE_DATOS[[#This Row],[NSK Reen]],BASE_DATOS[[#This Row],[NSK Reen]],BASE_DATOS[[#This Row],[NSK]]) -> 6 | AD16: =IFERROR(100%-(BASE_DATOS[[#This Row],[NSK Reen]]/BASE_DATOS[[#This Row],[NSK Original]]),"") -> 0.63636364 | AE16: =IFERROR(100%-BASE_DATOS[[#This Row],[NSK]]/BASE_DATOS[[#This Row],[NSK Original]],"") -> 0.57575758 | AF16: =IFERROR(BASE_DATOS[[#This Row],[% Max Des.]]-BASE_DATOS[[#This Row],[% Des]],"") -> 0.060606061 | AI16: =IF(OR(BASE_DATOS[[#This Row],[Hr.]]="",BASE_DATOS[[#This Row],[Hr. Actual]]=""),"",BASE_DATOS[[#This Row],[Hr. Actual]]-BASE_DATOS[[#This Row],[Hr.]]+BASE_DATOS[[#This Row],[Horas Acumuladas]]) | AJ16: =IFERROR(BASE_DATOS[[#This Row],[Precio US$]]/BASE_DATOS[[#This Row],[Horas Rodadas]],"") | AK16: =IFERROR(BASE_DATOS[[#This Row],[Horas Rodadas]]/(BASE_DATOS[[#This Row],[NSK Original]]-BASE_DATOS[[#This Row],[NSK]]),"") | AL16: =IF(BASE_DATOS[[#This Row],[Situación Actual]]="RETIRADO","",IF(BASE_DATOS[[#This Row],[Situación Actual]]="RODANDO",IFERROR(BASE_DATOS[[#This Row],[Hrs/mm]]*(BASE_DATOS[[#This Row],[NSK]]-BASE_DATOS[[#This Row],[NSK Form.]])+BASE_DATOS[[#This Row],[Horas Rodadas]],""))) | AM16: =IFERROR(BASE_DATOS[[#This Row],[Precio US$]]/BASE_DATOS[[#This Row],[Horas Proy.]],"") | AN16: =IF(OR(BASE_DATOS[[#This Row],[Km.]]="",BASE_DATOS[[#This Row],[Km. Actual]]=""),"",BASE_DATOS[[#This Row],[Km. Actual]]-BASE_DATOS[[#This Row],[Km.]]+BASE_DATOS[[#This Row],[Kilómetros Acumulados]]) | AO16: =IFERROR(BASE_DATOS[[#This Row],[Precio US$]]/BASE_DATOS[[#This Row],[Kilómetros Rodados]],"") | AP16: =IFERROR(BASE_DATOS[[#This Row],[Kilómetros Rodados]]/(BASE_DATOS[[#This Row],[NSK Original]]-BASE_DATOS[[#This Row],[NSK]]),"") | AQ16: =IF(BASE_DATOS[[#This Row],[Situación Actual]]="RETIRADO","",IF(BASE_DATOS[[#This Row],[Situación Actual]]="RODANDO",IFERROR(BASE_DATOS[[#This Row],[Kms/ mm]]*(BASE_DATOS[[#This Row],[NSK]]-BASE_DATOS[[#This Row],[NSK Form.]])+BASE_DATOS[[#This Row],[Kilómetros Rodados]],""))) | AR16: =IFERROR(BASE_DATOS[[#This Row],[Precio US$]]/BASE_DATOS[[#This Row],[Kilómetros Proy.]],"") | AS16: Rodando | AY16: =CONCATENATE(BASE_DATOS[[#This Row],[Código_U]]&BASE_DATOS[[#This Row],[Pos.]]&BASE_DATOS[[#This Row],[Situación Actual]]) -> SR-1001Rodando
A17: SR-100 | B17: TOU-972 | C17: Encapsulado | D17: Libre | E17: 100 6 | F17: Aeolus | G17: 445/65R22.5 | H17: =IF(BASE_DATOS[[#This Row],[N-R]]="N",BASE_DATOS[[#This Row],[Diseño]],"Reencauche") -> AGC28 | I17: AGC28 | J17: N | K17: 16.5 | L17: 110 | R17: 2 | S17: 45385 | V17: 8 | W17: 7 | X17: 8 | Y17: =IFERROR(MIN(V17:X17),"") -> 7 | Z17: tm | AA17: =IFERROR(BASE_DATOS[[#This Row],[NSK Original]]-BASE_DATOS[[#This Row],[NSK]]," ") -> 9.5 | AB17: ='NSK-TRACTO'!$A$2 -> 6 | AC17: =IF(BASE_DATOS[[#This Row],[NSK]]>=BASE_DATOS[[#This Row],[NSK Reen]],BASE_DATOS[[#This Row],[NSK Reen]],BASE_DATOS[[#This Row],[NSK]]) -> 6 | AD17: =IFERROR(100%-(BASE_DATOS[[#This Row],[NSK Reen]]/BASE_DATOS[[#This Row],[NSK Original]]),"") -> 0.63636364 | AE17: =IFERROR(100%-BASE_DATOS[[#This Row],[NSK]]/BASE_DATOS[[#This Row],[NSK Original]],"") -> 0.57575758 | AF17: =IFERROR(BASE_DATOS[[#This Row],[% Max Des.]]-BASE_DATOS[[#This Row],[% Des]],"") -> 0.060606061 | AI17: =IF(OR(BASE_DATOS[[#This Row],[Hr.]]="",BASE_DATOS[[#This Row],[Hr. Actual]]=""),"",BASE_DATOS[[#This Row],[Hr. Actual]]-BASE_DATOS[[#This Row],[Hr.]]+BASE_DATOS[[#This Row],[Horas Acumuladas]]) | AJ17: =IFERROR(BASE_DATOS[[#This Row],[Precio US$]]/BASE_DATOS[[#This Row],[Horas Rodadas]],"") | AK17: =IFERROR(BASE_DATOS[[#This Row],[Horas Rodadas]]/(BASE_DATOS[[#This Row],[NSK Original]]-BASE_DATOS[[#This Row],[NSK]]),"") | AL17: =IF(BASE_DATOS[[#This Row],[Situación Actual]]="RETIRADO","",IF(BASE_DATOS[[#This Row],[Situación Actual]]="RODANDO",IFERROR(BASE_DATOS[[#This Row],[Hrs/mm]]*(BASE_DATOS[[#This Row],[NSK]]-BASE_DATOS[[#This Row],[NSK Form.]])+BASE_DATOS[[#This Row],[Horas Rodadas]],""))) | AM17: =IFERROR(BASE_DATOS[[#This Row],[Precio US$]]/BASE_DATOS[[#This Row],[Horas Proy.]],"") | AN17: =IF(OR(BASE_DATOS[[#This Row],[Km.]]="",BASE_DATOS[[#This Row],[Km. Actual]]=""),"",BASE_DATOS[[#This Row],[Km. Actual]]-BASE_DATOS[[#This Row],[Km.]]+BASE_DATOS[[#This Row],[Kilómetros Acumulados]]) | AO17: =IFERROR(BASE_DATOS[[#This Row],[Precio US$]]/BASE_DATOS[[#This Row],[Kilómetros Rodados]],"") | AP17: =IFERROR(BASE_DATOS[[#This Row],[Kilómetros Rodados]]/(BASE_DATOS[[#This Row],[NSK Original]]-BASE_DATOS[[#This Row],[NSK]]),"") | AQ17: =IF(BASE_DATOS[[#This Row],[Situación Actual]]="RETIRADO","",IF(BASE_DATOS[[#This Row],[Situación Actual]]="RODANDO",IFERROR(BASE_DATOS[[#This Row],[Kms/ mm]]*(BASE_DATOS[[#This Row],[NSK]]-BASE_DATOS[[#This Row],[NSK Form.]])+BASE_DATOS[[#This Row],[Kilómetros Rodados]],""))) | AR17: =IFERROR(BASE_DATOS[[#This Row],[Precio US$]]/BASE_DATOS[[#This Row],[Kilómetros Proy.]],"") | AS17: Rodando | AY17: =CONCATENATE(BASE_DATOS[[#This Row],[Código_U]]&BASE_DATOS[[#This Row],[Pos.]]&BASE_DATOS[[#This Row],[Situación Actual]]) -> SR-1002Rodando
A18: SR-100 | B18: TOU-972 | C18: Encapsulado | D18: Libre | E18: 100 3 | F18: Aeolus | G18: 445/65R22.5 | H18: =IF(BASE_DATOS[[#This Row],[N-R]]="N",BASE_DATOS[[#This Row],[Diseño]],"Reencauche") -> AGC28 | I18: AGC28 | J18: N | K18: 16.5 | L18: 110 | R18: 3 | S18: 45385 | V18: 13 | W18: 13 | X18: 13 | Y18: =IFERROR(MIN(V18:X18),"") -> 13 | Z18: st | AA18: =IFERROR(BASE_DATOS[[#This Row],[NSK Original]]-BASE_DATOS[[#This Row],[NSK]]," ") -> 3.5 | AB18: ='NSK-TRACTO'!$A$2 -> 6 | AC18: =IF(BASE_DATOS[[#This Row],[NSK]]>=BASE_DATOS[[#This Row],[NSK Reen]],BASE_DATOS[[#This Row],[NSK Reen]],BASE_DATOS[[#This Row],[NSK]]) -> 6 | AD18: =IFERROR(100%-(BASE_DATOS[[#This Row],[NSK Reen]]/BASE_DATOS[[#This Row],[NSK Original]]),"") -> 0.63636364 | AE18: =IFERROR(100%-BASE_DATOS[[#This Row],[NSK]]/BASE_DATOS[[#This Row],[NSK Original]],"") -> 0.21212121 | AF18: =IFERROR(BASE_DATOS[[#This Row],[% Max Des.]]-BASE_DATOS[[#This Row],[% Des]],"") -> 0.42424242 | AI18: =IF(OR(BASE_DATOS[[#This Row],[Hr.]]="",BASE_DATOS[[#This Row],[Hr. Actual]]=""),"",BASE_DATOS[[#This Row],[Hr. Actual]]-BASE_DATOS[[#This Row],[Hr.]]+BASE_DATOS[[#This Row],[Horas Acumuladas]]) | AJ18: =IFERROR(BASE_DATOS[[#This Row],[Precio US$]]/BASE_DATOS[[#This Row],[Horas Rodadas]],"") | AK18: =IFERROR(BASE_DATOS[[#This Row],[Horas Rodadas]]/(BASE_DATOS[[#This Row],[NSK Original]]-BASE_DATOS[[#This Row],[NSK]]),"") | AL18: =IF(BASE_DATOS[[#This Row],[Situación Actual]]="RETIRADO","",IF(BASE_DATOS[[#This Row],[Situación Actual]]="RODANDO",IFERROR(BASE_DATOS[[#This Row],[Hrs/mm]]*(BASE_DATOS[[#This Row],[NSK]]-BASE_DATOS[[#This Row],[NSK Form.]])+BASE_DATOS[[#This Row],[Horas Rodadas]],""))) | AM18: =IFERROR(BASE_DATOS[[#This Row],[Precio US$]]/BASE_DATOS[[#This Row],[Horas Proy.]],"") | AN18: =IF(OR(BASE_DATOS[[#This Row],[Km.]]="",BASE_DATOS[[#This Row],[Km. Actual]]=""),"",BASE_DATOS[[#This Row],[Km. Actual]]-BASE_DATOS[[#This Row],[Km.]]+BASE_DATOS[[#This Row],[Kilómetros Acumulados]]) | AO18: =IFERROR(BASE_DATOS[[#This Row],[Precio US$]]/BASE_DATOS[[#This Row],[Kilómetros Rodados]],"") | AP18: =IFERROR(BASE_DATOS[[#This Row],[Kilómetros Rodados]]/(BASE_DATOS[[#This Row],[NSK Original]]-BASE_DATOS[[#This Row],[NSK]]),"") | AQ18: =IF(BASE_DATOS[[#This Row],[Situación Actual]]="RETIRADO","",IF(BASE_DATOS[[#This Row],[Situación Actual]]="RODANDO",IFERROR(BASE_DATOS[[#This Row],[Kms/ mm]]*(BASE_DATOS[[#This Row],[NSK]]-BASE_DATOS[[#This Row],[NSK Form.]])+BASE_DATOS[[#This Row],[Kilómetros Rodados]],""))) | AR18: =IFERROR(BASE_DATOS[[#This Row],[Precio US$]]/BASE_DATOS[[#This Row],[Kilómetros Proy.]],"") | AS18: Rodando | AY18: =CONCATENATE(BASE_DATOS[[#This Row],[Código_U]]&BASE_DATOS[[#This Row],[Pos.]]&BASE_DATOS[[#This Row],[Situación Actual]]) -> SR-1003Rodando
A19: SR-100 | B19: TOU-972 | C19: Encapsulado | D19: Libre | E19: 100 4 | F19: Aeolus | G19: 445/65R22.5 | H19: =IF(BASE_DATOS[[#This Row],[N-R]]="N",BASE_DATOS[[#This Row],[Diseño]],"Reencauche") -> AGC28 | I19: AGC28 | J19: N | K19: 16.5 | L19: 110 | R19: 4 | S19: 45385 | V19: 14 | W19: 14 | X19: 14 | Y19: =IFERROR(MIN(V19:X19),"") -> 14 | Z19: st | AA19: =IFERROR(BASE_DATOS[[#This Row],[NSK Original]]-BASE_DATOS[[#This Row],[NSK]]," ") -> 2.5 | AB19: ='NSK-TRACTO'!$A$2 -> 6 | AC19: =IF(BASE_DATOS[[#This Row],[NSK]]>=BASE_DATOS[[#This Row],[NSK Reen]],BASE_DATOS[[#This Row],[NSK Reen]],BASE_DATOS[[#This Row],[NSK]]) -> 6 | AD19: =IFERROR(100%-(BASE_DATOS[[#This Row],[NSK Reen]]/BASE_DATOS[[#This Row],[NSK Original]]),"") -> 0.63636364 | AE19: =IFERROR(100%-BASE_DATOS[[#This Row],[NSK]]/BASE_DATOS[[#This Row],[NSK Original]],"") -> 0.15151515 | AF19: =IFERROR(BASE_DATOS[[#This Row],[% Max Des.]]-BASE_DATOS[[#This Row],[% Des]],"") -> 0.48484848 | AI19: =IF(OR(BASE_DATOS[[#This Row],[Hr.]]="",BASE_DATOS[[#This Row],[Hr. Actual]]=""),"",BASE_DATOS[[#This Row],[Hr. Actual]]-BASE_DATOS[[#This Row],[Hr.]]+BASE_DATOS[[#This Row],[Horas Acumuladas]]) | AJ19: =IFERROR(BASE_DATOS[[#This Row],[Precio US$]]/BASE_DATOS[[#This Row],[Horas Rodadas]],"") | AK19: =IFERROR(BASE_DATOS[[#This Row],[Horas Rodadas]]/(BASE_DATOS[[#This Row],[NSK Original]]-BASE_DATOS[[#This Row],[NSK]]),"") | AL19: =IF(BASE_DATOS[[#This Row],[Situación Actual]]="RETIRADO","",IF(BASE_DATOS[[#This Row],[Situación Actual]]="RODANDO",IFERROR(BASE_DATOS[[#This Row],[Hrs/mm]]*(BASE_DATOS[[#This Row],[NSK]]-BASE_DATOS[[#This Row],[NSK Form.]])+BASE_DATOS[[#This Row],[Horas Rodadas]],""))) | AM19: =IFERROR(BASE_DATOS[[#This Row],[Precio US$]]/BASE_DATOS[[#This Row],[Horas Proy.]],"") | AN19: =IF(OR(BASE_DATOS[[#This Row],[Km.]]="",BASE_DATOS[[#This Row],[Km. Actual]]=""),"",BASE_DATOS[[#This Row],[Km. Actual]]-BASE_DATOS[[#This Row],[Km.]]+BASE_DATOS[[#This Row],[Kilómetros Acumulados]]) | AO19: =IFERROR(BASE_DATOS[[#This Row],[Precio US$]]/BASE_DATOS[[#This Row],[Kilómetros Rodados]],"") | AP19: =IFERROR(BASE_DATOS[[#This Row],[Kilómetros Rodados]]/(BASE_DATOS[[#This Row],[NSK Original]]-BASE_DATOS[[#This Row],[NSK]]),"") | AQ19: =IF(BASE_DATOS[[#This Row],[Situación Actual]]="RETIRADO","",IF(BASE_DATOS[[#This Row],[Situación Actual]]="RODANDO",IFERROR(BASE_DATOS[[#This Row],[Kms/ mm]]*(BASE_DATOS[[#This Row],[NSK]]-BASE_DATOS[[#This Row],[NSK Form.]])+BASE_DATOS[[#This Row],[Kilómetros Rodados]],""))) | AR19: =IFERROR(BASE_DATOS[[#This Row],[Precio US$]]/BASE_DATOS[[#This Row],[Kilómetros Proy.]],"") | AS19: Rodando | AY19: =CONCATENATE(BASE_DATOS[[#This Row],[Código_U]]&BASE_DATOS[[#This Row],[Pos.]]&BASE_DATOS[[#This Row],[Situación Actual]]) -> SR-1004Rodando
A20: SR-100 | B20: TOU-972 | C20: Encapsulado | D20: Libre | E20: 100 | F20: Aeolus | G20: 445/65R22.5 | H20: =IF(BASE_DATOS[[#This Row],[N-R]]="N",BASE_DATOS[[#This Row],[Diseño]],"Reencauche") -> AGC28 | I20: AGC28 | J20: N | K20: 16.5 | L20: 110 | R20: 5 | S20: 45385 | V20: 13 | W20: 13 | X20: 13 | Y20: =IFERROR(MIN(V20:X20),"") -> 13 | Z20: st | AA20: =IFERROR(BASE_DATOS[[#This Row],[NSK Original]]-BASE_DATOS[[#This Row],[NSK]]," ") -> 3.5 | AB20: ='NSK-TRACTO'!$A$2 -> 6 | AC20: =IF(BASE_DATOS[[#This Row],[NSK]]>=BASE_DATOS[[#This Row],[NSK Reen]],BASE_DATOS[[#This Row],[NSK Reen]],BASE_DATOS[[#This Row],[NSK]]) -> 6 | AD20: =IFERROR(100%-(BASE_DATOS[[#This Row],[NSK Reen]]/BASE_DATOS[[#This Row],[NSK Original]]),"") -> 0.63636364 | AE20: =IFERROR(100%-BASE_DATOS[[#This Row],[NSK]]/BASE_DATOS[[#This Row],[NSK Original]],"") -> 0.21212121 | AF20: =IFERROR(BASE_DATOS[[#This Row],[% Max Des.]]-BASE_DATOS[[#This Row],[% Des]],"") -> 0.42424242 | AI20: =IF(OR(BASE_DATOS[[#This Row],[Hr.]]="",BASE_DATOS[[#This Row],[Hr. Actual]]=""),"",BASE_DATOS[[#This Row],[Hr. Actual]]-BASE_DATOS[[#This Row],[Hr.]]+BASE_DATOS[[#This Row],[Horas Acumuladas]]) | AJ20: =IFERROR(BASE_DATOS[[#This Row],[Precio US$]]/BASE_DATOS[[#This Row],[Horas Rodadas]],"") | AK20: =IFERROR(BASE_DATOS[[#This Row],[Horas Rodadas]]/(BASE_DATOS[[#This Row],[NSK Original]]-BASE_DATOS[[#This Row],[NSK]]),"") | AL20: =IF(BASE_DATOS[[#This Row],[Situación Actual]]="RETIRADO","",IF(BASE_DATOS[[#This Row],[Situación Actual]]="RODANDO",IFERROR(BASE_DATOS[[#This Row],[Hrs/mm]]*(BASE_DATOS[[#This Row],[NSK]]-BASE_DATOS[[#This Row],[NSK Form.]])+BASE_DATOS[[#This Row],[Horas Rodadas]],""))) | AM20: =IFERROR(BASE_DATOS[[#This Row],[Precio US$]]/BASE_DATOS[[#This Row],[Horas Proy.]],"") | AN20: =IF(OR(BASE_DATOS[[#This Row],[Km.]]="",BASE_DATOS[[#This Row],[Km. Actual]]=""),"",BASE_DATOS[[#This Row],[Km. Actual]]-BASE_DATOS[[#This Row],[Km.]]+BASE_DATOS[[#This Row],[Kilómetros Acumulados]]) | AO20: =IFERROR(BASE_DATOS[[#This Row],[Precio US$]]/BASE_DATOS[[#This Row],[Kilómetros Rodados]],"") | AP20: =IFERROR(BASE_DATOS[[#This Row],[Kilómetros Rodados]]/(BASE_DATOS[[#This Row],[NSK Original]]-BASE_DATOS[[#This Row],[NSK]]),"") | AQ20: =IF(BASE_DATOS[[#This Row],[Situación Actual]]="RETIRADO","",IF(BASE_DATOS[[#This Row],[Situación Actual]]="RODANDO",IFERROR(BASE_DATOS[[#This Row],[Kms/ mm]]*(BASE_DATOS[[#This Row],[NSK]]-BASE_DATOS[[#This Row],[NSK Form.]])+BASE_DATOS[[#This Row],[Kilómetros Rodados]],""))) | AR20: =IFERROR(BASE_DATOS[[#This Row],[Precio US$]]/BASE_DATOS[[#This Row],[Kilómetros Proy.]],"") | AS20: Rodando | AY20: =CONCATENATE(BASE_DATOS[[#This Row],[Código_U]]&BASE_DATOS[[#This Row],[Pos.]]&BASE_DATOS[[#This Row],[Situación Actual]]) -> SR-1005Rodando
A21: SR-100 | B21: TOU-972 | C21: Encapsulado | D21: Libre | E21: 100 | F21: Aeolus | G21: 445/65R22.5 | H21: =IF(BASE_DATOS[[#This Row],[N-R]]="N",BASE_DATOS[[#This Row],[Diseño]],"Reencauche") -> AGC28 | I21: AGC28 | J21: N | K21: 16.5 | L21: 110 | R21: 6 | S21: 45385 | V21: 10 | W21: 10 | X21: 11 | Y21: =IFERROR(MIN(V21:X21),"") -> 10 | Z21: st | AA21: =IFERROR(BASE_DATOS[[#This Row],[NSK Original]]-BASE_DATOS[[#This Row],[NSK]]," ") -> 6.5 | AB21: ='NSK-TRACTO'!$A$2 -> 6 | AC21: =IF(BASE_DATOS[[#This Row],[NSK]]>=BASE_DATOS[[#This Row],[NSK Reen]],BASE_DATOS[[#This Row],[NSK Reen]],BASE_DATOS[[#This Row],[NSK]]) -> 6 | AD21: =IFERROR(100%-(BASE_DATOS[[#This Row],[NSK Reen]]/BASE_DATOS[[#This Row],[NSK Original]]),"") -> 0.63636364 | AE21: =IFERROR(100%-BASE_DATOS[[#This Row],[NSK]]/BASE_DATOS[[#This Row],[NSK Original]],"") -> 0.39393939 | AF21: =IFERROR(BASE_DATOS[[#This Row],[% Max Des.]]-BASE_DATOS[[#This Row],[% Des]],"") -> 0.24242424 | AI21: =IF(OR(BASE_DATOS[[#This Row],[Hr.]]="",BASE_DATOS[[#This Row],[Hr. Actual]]=""),"",BASE_DATOS[[#This Row],[Hr. Actual]]-BASE_DATOS[[#This Row],[Hr.]]+BASE_DATOS[[#This Row],[Horas Acumuladas]]) | AJ21: =IFERROR(BASE_DATOS[[#This Row],[Precio US$]]/BASE_DATOS[[#This Row],[Horas Rodadas]],"") | AK21: =IFERROR(BASE_DATOS[[#This Row],[Horas Rodadas]]/(BASE_DATOS[[#This Row],[NSK Original]]-BASE_DATOS[[#This Row],[NSK]]),"") | AL21: =IF(BASE_DATOS[[#This Row],[Situación Actual]]="RETIRADO","",IF(BASE_DATOS[[#This Row],[Situación Actual]]="RODANDO",IFERROR(BASE_DATOS[[#This Row],[Hrs/mm]]*(BASE_DATOS[[#This Row],[NSK]]-BASE_DATOS[[#This Row],[NSK Form.]])+BASE_DATOS[[#This Row],[Horas Rodadas]],""))) | AM21: =IFERROR(BASE_DATOS[[#This Row],[Precio US$]]/BASE_DATOS[[#This Row],[Horas Proy.]],"") | AN21: =IF(OR(BASE_DATOS[[#This Row],[Km.]]="",BASE_DATOS[[#This Row],[Km. Actual]]=""),"",BASE_DATOS[[#This Row],[Km. Actual]]-BASE_DATOS[[#This Row],[Km.]]+BASE_DATOS[[#This Row],[Kilómetros Acumulados]]) | AO21: =IFERROR(BASE_DATOS[[#This Row],[Precio US$]]/BASE_DATOS[[#This Row],[Kilómetros Rodados]],"") | AP21: =IFERROR(BASE_DATOS[[#This Row],[Kilómetros Rodados]]/(BASE_DATOS[[#This Row],[NSK Original]]-BASE_DATOS[[#This Row],[NSK]]),"") | AQ21: =IF(BASE_DATOS[[#This Row],[Situación Actual]]="RETIRADO","",IF(BASE_DATOS[[#This Row],[Situación Actual]]="RODANDO",IFERROR(BASE_DATOS[[#This Row],[Kms/ mm]]*(BASE_DATOS[[#This Row],[NSK]]-BASE_DATOS[[#This Row],[NSK Form.]])+BASE_DATOS[[#This Row],[Kilómetros Rodados]],""))) | AR21: =IFERROR(BASE_DATOS[[#This Row],[Precio US$]]/BASE_DATOS[[#This Row],[Kilómetros Proy.]],"") | AS21: Rodando | AY21: =CONCATENATE(BASE_DATOS[[#This Row],[Código_U]]&BASE_DATOS[[#This Row],[Pos.]]&BASE_DATOS[[#This Row],[Situación Actual]]) -> SR-1006Rodando
A22: SR-100 | B22: TOU-972 | C22: Encapsulado | D22: RC | F22: Michelin | G22: 425/65R22.5 | H22: =IF(BASE_DATOS[[#This Row],[N-R]]="N",BASE_DATOS[[#This Row],[Diseño]],"Reencauche") -> Reencauche | I22: LZY3 | J22: 1R | K22: 19 | L22: 110 | R22: RE | S22: 45385 | V22: 8 | W22: 7 | X22: 8 | Y22: =IFERROR(MIN(V22:X22),"") -> 7 | Z22: st | AA22: =IFERROR(BASE_DATOS[[#This Row],[NSK Original]]-BASE_DATOS[[#This Row],[NSK]]," ") -> 12 | AB22: ='NSK-TRACTO'!$A$2 -> 6 | AC22: =IF(BASE_DATOS[[#This Row],[NSK]]>=BASE_DATOS[[#This Row],[NSK Reen]],BASE_DATOS[[#This Row],[NSK Reen]],BASE_DATOS[[#This Row],[NSK]]) -> 6 | AD22: =IFERROR(100%-(BASE_DATOS[[#This Row],[NSK Reen]]/BASE_DATOS[[#This Row],[NSK Original]]),"") -> 0.68421053 | AE22: =IFERROR(100%-BASE_DATOS[[#This Row],[NSK]]/BASE_DATOS[[#This Row],[NSK Original]],"") -> 0.63157895 | AF22: =IFERROR(BASE_DATOS[[#This Row],[% Max Des.]]-BASE_DATOS[[#This Row],[% Des]],"") -> 0.052631579 | AI22: =IF(OR(BASE_DATOS[[#This Row],[Hr.]]="",BASE_DATOS[[#This Row],[Hr. Actual]]=""),"",BASE_DATOS[[#This Row],[Hr. Actual]]-BASE_DATOS[[#This Row],[Hr.]]+BASE_DATOS[[#This Row],[Horas Acumuladas]]) | AJ22: =IFERROR(BASE_DATOS[[#This Row],[Precio US$]]/BASE_DATOS[[#This Row],[Horas Rodadas]],"") | AK22: =IFERROR(BASE_DATOS[[#This Row],[Horas Rodadas]]/(BASE_DATOS[[#This Row],[NSK Original]]-BASE_DATOS[[#This Row],[NSK]]),"") | AL22: =IF(BASE_DATOS[[#This Row],[Situación Actual]]="RETIRADO","",IF(BASE_DATOS[[#This Row],[Situación Actual]]="RODANDO",IFERROR(BASE_DATOS[[#This Row],[Hrs/mm]]*(BASE_DATOS[[#This Row],[NSK]]-BASE_DATOS[[#This Row],[NSK Form.]])+BASE_DATOS[[#This Row],[Horas Rodadas]],""))) | AM22: =IFERROR(BASE_DATOS[[#This Row],[Precio US$]]/BASE_DATOS[[#This Row],[Horas Proy.]],"") | AN22: =IF(OR(BASE_DATOS[[#This Row],[Km.]]="",BASE_DATOS[[#This Row],[Km. Actual]]=""),"",BASE_DATOS[[#This Row],[Km. Actual]]-BASE_DATOS[[#This Row],[Km.]]+BASE_DATOS[[#This Row],[Kilómetros Acumulados]]) | AO22: =IFERROR(BASE_DATOS[[#This Row],[Precio US$]]/BASE_DATOS[[#This Row],[Kilómetros Rodados]],"") | AP22: =IFERROR(BASE_DATOS[[#This Row],[Kilómetros Rodados]]/(BASE_DATOS[[#This Row],[NSK Original]]-BASE_DATOS[[#This Row],[NSK]]),"") | AQ22: =IF(BASE_DATOS[[#This Row],[Situación Actual]]="RETIRADO","",IF(BASE_DATOS[[#This Row],[Situación Actual]]="RODANDO",IFERROR(BASE_DATOS[[#This Row],[Kms/ mm]]*(BASE_DATOS[[#This Row],[NSK]]-BASE_DATOS[[#This Row],[NSK Form.]])+BASE_DATOS[[#This Row],[Kilómetros Rodados]],""))) | AR22: =IFERROR(BASE_DATOS[[#This Row],[Precio US$]]/BASE_DATOS[[#This Row],[Kilómetros Proy.]],"") | AS22: Rodando | AY22: =CONCATENATE(BASE_DATOS[[#This Row],[Código_U]]&BASE_DATOS[[#This Row],[Pos.]]&BASE_DATOS[[#This Row],[Situación Actual]]) -> SR-100RERodando
A23: SR-100 | B23: TOU-972 | C23: Encapsulado | D23: RT | F23: Continental | G23: 295/80R22.5 | H23: =IF(BASE_DATOS[[#This Row],[N-R]]="N",BASE_DATOS[[#This Row],[Diseño]],"Reencauche") -> HD3 | I23: HD3 | J23: N | K23: 0 | L23: 110 | R23: RT | S23: 45385 | V23: 10 | W23: 7 | X23: 10 | Y23: =IFERROR(MIN(V23:X23),"") -> 7 | Z23: st | AA23: =IFERROR(BASE_DATOS[[#This Row],[NSK Original]]-BASE_DATOS[[#This Row],[NSK]]," ") -> -7 | AB23: ='NSK-TRACTO'!$A$2 -> 6 | AC23: =IF(BASE_DATOS[[#This Row],[NSK]]>=BASE_DATOS[[#This Row],[NSK Reen]],BASE_DATOS[[#This Row],[NSK Reen]],BASE_DATOS[[#This Row],[NSK]]) -> 6 | AD23: =IFERROR(100%-(BASE_DATOS[[#This Row],[NSK Reen]]/BASE_DATOS[[#This Row],[NSK Original]]),"") | AE23: =IFERROR(100%-BASE_DATOS[[#This Row],[NSK]]/BASE_DATOS[[#This Row],[NSK Original]],"") | AF23: =IFERROR(BASE_DATOS[[#This Row],[% Max Des.]]-BASE_DATOS[[#This Row],[% Des]],"") | AI23: =IF(OR(BASE_DATOS[[#This Row],[Hr.]]="",BASE_DATOS[[#This Row],[Hr. Actual]]=""),"",BASE_DATOS[[#This Row],[Hr. Actual]]-BASE_DATOS[[#This Row],[Hr.]]+BASE_DATOS[[#This Row],[Horas Acumuladas]]) | AJ23: =IFERROR(BASE_DATOS[[#This Row],[Precio US$]]/BASE_DATOS[[#This Row],[Horas Rodadas]],"") | AK23: =IFERROR(BASE_DATOS[[#This Row],[Horas Rodadas]]/(BASE_DATOS[[#This Row],[NSK Original]]-BASE_DATOS[[#This Row],[NSK]]),"") | AL23: =IF(BASE_DATOS[[#This Row],[Situación Actual]]="RETIRADO","",IF(BASE_DATOS[[#This Row],[Situación Actual]]="RODANDO",IFERROR(BASE_DATOS[[#This Row],[Hrs/mm]]*(BASE_DATOS[[#This Row],[NSK]]-BASE_DATOS[[#This Row],[NSK Form.]])+BASE_DATOS[[#This Row],[Horas Rodadas]],""))) | AM23: =IFERROR(BASE_DATOS[[#This Row],[Precio US$]]/BASE_DATOS[[#This Row],[Horas Proy.]],"") | AN23: =IF(OR(BASE_DATOS[[#This Row],[Km.]]="",BASE_DATOS[[#This Row],[Km. Actual]]=""),"",BASE_DATOS[[#This Row],[Km. Actual]]-BASE_DATOS[[#This Row],[Km.]]+BASE_DATOS[[#This Row],[Kilómetros Acumulados]]) | AO23: =IFERROR(BASE_DATOS[[#This Row],[Precio US$]]/BASE_DATOS[[#This Row],[Kilómetros Rodados]],"") | AP23: =IFERROR(BASE_DATOS[[#This Row],[Kilómetros Rodados]]/(BASE_DATOS[[#This Row],[NSK Original]]-BASE_DATOS[[#This Row],[NSK]]),"") | AQ23: =IF(BASE_DATOS[[#This Row],[Situación Actual]]="RETIRADO","",IF(BASE_DATOS[[#This Row],[Situación Actual]]="RODANDO",IFERROR(BASE_DATOS[[#This Row],[Kms/ mm]]*(BASE_DATOS[[#This Row],[NSK]]-BASE_DATOS[[#This Row],[NSK Form.]])+BASE_DATOS[[#This Row],[Kilómetros Rodados]],""))) | AR23: =IFERROR(BASE_DATOS[[#This Row],[Precio US$]]/BASE_DATOS[[#This Row],[Kilómetros Proy.]],"") | AS23: Rodando | AY23: =CONCATENATE(BASE_DATOS[[#This Row],[Código_U]]&BASE_DATOS[[#This Row],[Pos.]]&BASE_DATOS[[#This Row],[Situación Actual]]) -> SR-100RTRodando
A24: TC-102 | B24: F8U-787 | C24: Tracto | D24: Direccional | E24: 102 1 | F24: Michelin | G24: 295/80R22.5 | H24: =IF(BASE_DATOS[[#This Row],[N-R]]="N",BASE_DATOS[[#This Row],[Diseño]],"Reencauche") -> XMULTI+Z | I24: XMULTI+Z | J24: N | K24: 16 | L24: 100 | R24: 1 | S24: 45385 | V24: 14 | W24: 14 | X24: 14 | Y24: =IFERROR(MIN(V24:X24),"") -> 14 | Z24: st | AA24: =IFERROR(BASE_DATOS[[#This Row],[NSK Original]]-BASE_DATOS[[#This Row],[NSK]]," ") -> 2 | AB24: ='NSK-TRACTO'!$A$2 -> 6 | AC24: =IF(BASE_DATOS[[#This Row],[NSK]]>=BASE_DATOS[[#This Row],[NSK Reen]],BASE_DATOS[[#This Row],[NSK Reen]],BASE_DATOS[[#This Row],[NSK]]) -> 6 | AD24: =IFERROR(100%-(BASE_DATOS[[#This Row],[NSK Reen]]/BASE_DATOS[[#This Row],[NSK Original]]),"") -> 0.625 | AE24: =IFERROR(100%-BASE_DATOS[[#This Row],[NSK]]/BASE_DATOS[[#This Row],[NSK Original]],"") -> 0.125 | AF24: =IFERROR(BASE_DATOS[[#This Row],[% Max Des.]]-BASE_DATOS[[#This Row],[% Des]],"") -> 0.5 | AI24: =IF(OR(BASE_DATOS[[#This Row],[Hr.]]="",BASE_DATOS[[#This Row],[Hr. Actual]]=""),"",BASE_DATOS[[#This Row],[Hr. Actual]]-BASE_DATOS[[#This Row],[Hr.]]+BASE_DATOS[[#This Row],[Horas Acumuladas]]) | AJ24: =IFERROR(BASE_DATOS[[#This Row],[Precio US$]]/BASE_DATOS[[#This Row],[Horas Rodadas]],"") | AK24: =IFERROR(BASE_DATOS[[#This Row],[Horas Rodadas]]/(BASE_DATOS[[#This Row],[NSK Original]]-BASE_DATOS[[#This Row],[NSK]]),"") | AL24: =IF(BASE_DATOS[[#This Row],[Situación Actual]]="RETIRADO","",IF(BASE_DATOS[[#This Row],[Situación Actual]]="RODANDO",IFERROR(BASE_DATOS[[#This Row],[Hrs/mm]]*(BASE_DATOS[[#This Row],[NSK]]-BASE_DATOS[[#This Row],[NSK Form.]])+BASE_DATOS[[#This Row],[Horas Rodadas]],""))) | AM24: =IFERROR(BASE_DATOS[[#This Row],[Precio US$]]/BASE_DATOS[[#This Row],[Horas Proy.]],"") | AN24: =IF(OR(BASE_DATOS[[#This Row],[Km.]]="",BASE_DATOS[[#This Row],[Km. Actual]]=""),"",BASE_DATOS[[#This Row],[Km. Actual]]-BASE_DATOS[[#This Row],[Km.]]+BASE_DATOS[[#This Row],[Kilómetros Acumulados]]) | AO24: =IFERROR(BASE_DATOS[[#This Row],[Precio US$]]/BASE_DATOS[[#This Row],[Kilómetros Rodados]],"") | AP24: =IFERROR(BASE_DATOS[[#This Row],[Kilómetros Rodados]]/(BASE_DATOS[[#This Row],[NSK Original]]-BASE_DATOS[[#This Row],[NSK]]),"") | AQ24: =IF(BASE_DATOS[[#This Row],[Situación Actual]]="RETIRADO","",IF(BASE_DATOS[[#This Row],[Situación Actual]]="RODANDO",IFERROR(BASE_DATOS[[#This Row],[Kms/ mm]]*(BASE_DATOS[[#This Row],[NSK]]-BASE_DATOS[[#This Row],[NSK Form.]])+BASE_DATOS[[#This Row],[Kilómetros Rodados]],""))) | AR24: =IFERROR(BASE_DATOS[[#This Row],[Precio US$]]/BASE_DATOS[[#This Row],[Kilómetros Proy.]],"") | AS24: Rodando | AY24: =CONCATENATE(BASE_DATOS[[#This Row],[Código_U]]&BASE_DATOS[[#This Row],[Pos.]]&BASE_DATOS[[#This Row],[Situación Actual]]) -> TC-1021Rodando
A25: TC-102 | B25: F8U-787 | C25: Tracto | D25: Direccional | E25: 102 2 | F25: Michelin | G25: 295/80R22.5 | H25: =IF(BASE_DATOS[[#This Row],[N-R]]="N",BASE_DATOS[[#This Row],[Diseño]],"Reencauche") -> XMULTI+Z | I25: XMULTI+Z | J25: N | K25: 16 | L25: 100 | R25: 2 | S25: 45385 | V25: 13 | W25: 13 | X25: 13 | Y25: =IFERROR(MIN(V25:X25),"") -> 13 | Z25: st | AA25: =IFERROR(BASE_DATOS[[#This Row],[NSK Original]]-BASE_DATOS[[#This Row],[NSK]]," ") -> 3 | AB25: ='NSK-TRACTO'!$A$2 -> 6 | AC25: =IF(BASE_DATOS[[#This Row],[NSK]]>=BASE_DATOS[[#This Row],[NSK Reen]],BASE_DATOS[[#This Row],[NSK Reen]],BASE_DATOS[[#This Row],[NSK]]) -> 6 | AD25: =IFERROR(100%-(BASE_DATOS[[#This Row],[NSK Reen]]/BASE_DATOS[[#This Row],[NSK Original]]),"") -> 0.625 | AE25: =IFERROR(100%-BASE_DATOS[[#This Row],[NSK]]/BASE_DATOS[[#This Row],[NSK Original]],"") -> 0.1875 | AF25: =IFERROR(BASE_DATOS[[#This Row],[% Max Des.]]-BASE_DATOS[[#This Row],[% Des]],"") -> 0.4375 | AI25: =IF(OR(BASE_DATOS[[#This Row],[Hr.]]="",BASE_DATOS[[#This Row],[Hr. Actual]]=""),"",BASE_DATOS[[#This Row],[Hr. Actual]]-BASE_DATOS[[#This Row],[Hr.]]+BASE_DATOS[[#This Row],[Horas Acumuladas]]) | AJ25: =IFERROR(BASE_DATOS[[#This Row],[Precio US$]]/BASE_DATOS[[#This Row],[Horas Rodadas]],"") | AK25: =IFERROR(BASE_DATOS[[#This Row],[Horas Rodadas]]/(BASE_DATOS[[#This Row],[NSK Original]]-BASE_DATOS[[#This Row],[NSK]]),"") | AL25: =IF(BASE_DATOS[[#This Row],[Situación Actual]]="RETIRADO","",IF(BASE_DATOS[[#This Row],[Situación Actual]]="RODANDO",IFERROR(BASE_DATOS[[#This Row],[Hrs/mm]]*(BASE_DATOS[[#This Row],[NSK]]-BASE_DATOS[[#This Row],[NSK Form.]])+BASE_DATOS[[#This Row],[Horas Rodadas]],""))) | AM25: =IFERROR(BASE_DATOS[[#This Row],[Precio US$]]/BASE_DATOS[[#This Row],[Horas Proy.]],"") | AN25: =IF(OR(BASE_DATOS[[#This Row],[Km.]]="",BASE_DATOS[[#This Row],[Km. Actual]]=""),"",BASE_DATOS[[#This Row],[Km. Actual]]-BASE_DATOS[[#This Row],[Km.]]+BASE_DATOS[[#This Row],[Kilómetros Acumulados]]) | AO25: =IFERROR(BASE_DATOS[[#This Row],[Precio US$]]/BASE_DATOS[[#This Row],[Kilómetros Rodados]],"") | AP25: =IFERROR(BASE_DATOS[[#This Row],[Kilómetros Rodados]]/(BASE_DATOS[[#This Row],[NSK Original]]-BASE_DATOS[[#This Row],[NSK]]),"") | AQ25: =IF(BASE_DATOS[[#This Row],[Situación Actual]]="RETIRADO","",IF(BASE_DATOS[[#This Row],[Situación Actual]]="RODANDO",IFERROR(BASE_DATOS[[#This Row],[Kms/ mm]]*(BASE_DATOS[[#This Row],[NSK]]-BASE_DATOS[[#This Row],[NSK Form.]])+BASE_DATOS[[#This Row],[Kilómetros Rodados]],""))) | AR25: =IFERROR(BASE_DATOS[[#This Row],[Precio US$]]/BASE_DATOS[[#This Row],[Kilómetros Proy.]],"") | AS25: Rodando | AY25: =CONCATENATE(BASE_DATOS[[#This Row],[Código_U]]&BASE_DATOS[[#This Row],[Pos.]]&BASE_DATOS[[#This Row],[Situación Actual]]) -> TC-1022Rodando
A26: TC-102 | B26: F8U-787 | C26: Tracto | D26: Tracción | E26: 102 3 | F26: Continental | G26: 295/80R22.5 | H26: =IF(BASE_DATOS[[#This Row],[N-R]]="N",BASE_DATOS[[#This Row],[Diseño]],"Reencauche") -> HS3+ | I26: HS3+ | J26: N | K26: 16 | L26: 110 | R26: 3 | S26: 45385 | V26: 8 | W26: 8 | X26: 8 | Y26: =IFERROR(MIN(V26:X26),"") -> 8 | Z26: st | AA26: =IFERROR(BASE_DATOS[[#This Row],[NSK Original]]-BASE_DATOS[[#This Row],[NSK]]," ") -> 8 | AB26: ='NSK-TRACTO'!$A$2 -> 6 | AC26: =IF(BASE_DATOS[[#This Row],[NSK]]>=BASE_DATOS[[#This Row],[NSK Reen]],BASE_DATOS[[#This Row],[NSK Reen]],BASE_DATOS[[#This Row],[NSK]]) -> 6 | AD26: =IFERROR(100%-(BASE_DATOS[[#This Row],[NSK Reen]]/BASE_DATOS[[#This Row],[NSK Original]]),"") -> 0.625 | AE26: =IFERROR(100%-BASE_DATOS[[#This Row],[NSK]]/BASE_DATOS[[#This Row],[NSK Original]],"") -> 0.5 | AF26: =IFERROR(BASE_DATOS[[#This Row],[% Max Des.]]-BASE_DATOS[[#This Row],[% Des]],"") -> 0.125 | AI26: =IF(OR(BASE_DATOS[[#This Row],[Hr.]]="",BASE_DATOS[[#This Row],[Hr. Actual]]=""),"",BASE_DATOS[[#This Row],[Hr. Actual]]-BASE_DATOS[[#This Row],[Hr.]]+BASE_DATOS[[#This Row],[Horas Acumuladas]]) | AJ26: =IFERROR(BASE_DATOS[[#This Row],[Precio US$]]/BASE_DATOS[[#This Row],[Horas Rodadas]],"") | AK26: =IFERROR(BASE_DATOS[[#This Row],[Horas Rodadas]]/(BASE_DATOS[[#This Row],[NSK Original]]-BASE_DATOS[[#This Row],[NSK]]),"") | AL26: =IF(BASE_DATOS[[#This Row],[Situación Actual]]="RETIRADO","",IF(BASE_DATOS[[#This Row],[Situación Actual]]="RODANDO",IFERROR(BASE_DATOS[[#This Row],[Hrs/mm]]*(BASE_DATOS[[#This Row],[NSK]]-BASE_DATOS[[#This Row],[NSK Form.]])+BASE_DATOS[[#This Row],[Horas Rodadas]],""))) | AM26: =IFERROR(BASE_DATOS[[#This Row],[Precio US$]]/BASE_DATOS[[#This Row],[Horas Proy.]],"") | AN26: =IF(OR(BASE_DATOS[[#This Row],[Km.]]="",BASE_DATOS[[#This Row],[Km. Actual]]=""),"",BASE_DATOS[[#This Row],[Km. Actual]]-BASE_DATOS[[#This Row],[Km.]]+BASE_DATOS[[#This Row],[Kilómetros Acumulados]]) | AO26: =IFERROR(BASE_DATOS[[#This Row],[Precio US$]]/BASE_DATOS[[#This Row],[Kilómetros Rodados]],"") | AP26: =IFERROR(BASE_DATOS[[#This Row],[Kilómetros Rodados]]/(BASE_DATOS[[#This Row],[NSK Original]]-BASE_DATOS[[#This Row],[NSK]]),"") | AQ26: =IF(BASE_DATOS[[#This Row],[Situación Actual]]="RETIRADO","",IF(BASE_DATOS[[#This Row],[Situación Actual]]="RODANDO",IFERROR(BASE_DATOS[[#This Row],[Kms/ mm]]*(BASE_DATOS[[#This Row],[NSK]]-BASE_DATOS[[#This Row],[NSK Form.]])+BASE_DATOS[[#This Row],[Kilómetros Rodados]],""))) | AR26: =IFERROR(BASE_DATOS[[#This Row],[Precio US$]]/BASE_DATOS[[#This Row],[Kilómetros Proy.]],"") | AS26: Rodando | AY26: =CONCATENATE(BASE_DATOS[[#This Row],[Código_U]]&BASE_DATOS[[#This Row],[Pos.]]&BASE_DATOS[[#This Row],[Situación Actual]]) -> TC-1023Rodando
A27: TC-102 | B27: F8U-787 | C27: Tracto | D27: Tracción | E27: 102 4 | F27: Continental | G27: 295/80R22.5 | H27: =IF(BASE_DATOS[[#This Row],[N-R]]="N",BASE_DATOS[[#This Row],[Diseño]],"Reencauche") -> HS3+ | I27: HS3+ | J27: N | K27: 16 | L27: 110 | R27: 4 | S27: 45385 | V27: 8 | W27: 8 | X27: 7 | Y27: =IFERROR(MIN(V27:X27),"") -> 7 | Z27: st | AA27: =IFERROR(BASE_DATOS[[#This Row],[NSK Original]]-BASE_DATOS[[#This Row],[NSK]]," ") -> 9 | AB27: ='NSK-TRACTO'!$A$2 -> 6 | AC27: =IF(BASE_DATOS[[#This Row],[NSK]]>=BASE_DATOS[[#This Row],[NSK Reen]],BASE_DATOS[[#This Row],[NSK Reen]],BASE_DATOS[[#This Row],[NSK]]) -> 6 | AD27: =IFERROR(100%-(BASE_DATOS[[#This Row],[NSK Reen]]/BASE_DATOS[[#This Row],[NSK Original]]),"") -> 0.625 | AE27: =IFERROR(100%-BASE_DATOS[[#This Row],[NSK]]/BASE_DATOS[[#This Row],[NSK Original]],"") -> 0.5625 | AF27: =IFERROR(BASE_DATOS[[#This Row],[% Max Des.]]-BASE_DATOS[[#This Row],[% Des]],"") -> 0.0625 | AI27: =IF(OR(BASE_DATOS[[#This Row],[Hr.]]="",BASE_DATOS[[#This Row],[Hr. Actual]]=""),"",BASE_DATOS[[#This Row],[Hr. Actual]]-BASE_DATOS[[#This Row],[Hr.]]+BASE_DATOS[[#This Row],[Horas Acumuladas]]) | AJ27: =IFERROR(BASE_DATOS[[#This Row],[Precio US$]]/BASE_DATOS[[#This Row],[Horas Rodadas]],"") | AK27: =IFERROR(BASE_DATOS[[#This Row],[Horas Rodadas]]/(BASE_DATOS[[#This Row],[NSK Original]]-BASE_DATOS[[#This Row],[NSK]]),"") | AL27: =IF(BASE_DATOS[[#This Row],[Situación Actual]]="RETIRADO","",IF(BASE_DATOS[[#This Row],[Situación Actual]]="RODANDO",IFERROR(BASE_DATOS[[#This Row],[Hrs/mm]]*(BASE_DATOS[[#This Row],[NSK]]-BASE_DATOS[[#This Row],[NSK Form.]])+BASE_DATOS[[#This Row],[Horas Rodadas]],""))) | AM27: =IFERROR(BASE_DATOS[[#This Row],[Precio US$]]/BASE_DATOS[[#This Row],[Horas Proy.]],"") | AN27: =IF(OR(BASE_DATOS[[#This Row],[Km.]]="",BASE_DATOS[[#This Row],[Km. Actual]]=""),"",BASE_DATOS[[#This Row],[Km. Actual]]-BASE_DATOS[[#This Row],[Km.]]+BASE_DATOS[[#This Row],[Kilómetros Acumulados]]) | AO27: =IFERROR(BASE_DATOS[[#This Row],[Precio US$]]/BASE_DATOS[[#This Row],[Kilómetros Rodados]],"") | AP27: =IFERROR(BASE_DATOS[[#This Row],[Kilómetros Rodados]]/(BASE_DATOS[[#This Row],[NSK Original]]-BASE_DATOS[[#This Row],[NSK]]),"") | AQ27: =IF(BASE_DATOS[[#This Row],[Situación Actual]]="RETIRADO","",IF(BASE_DATOS[[#This Row],[Situación Actual]]="RODANDO",IFERROR(BASE_DATOS[[#This Row],[Kms/ mm]]*(BASE_DATOS[[#This Row],[NSK]]-BASE_DATOS[[#This Row],[NSK Form.]])+BASE_DATOS[[#This Row],[Kilómetros Rodados]],""))) | AR27: =IFERROR(BASE_DATOS[[#This Row],[Precio US$]]/BASE_DATOS[[#This Row],[Kilómetros Proy.]],"") | AS27: Rodando | AU27: x | AX27: Alineamiento | AY27: =CONCATENATE(BASE_DATOS[[#This Row],[Código_U]]&BASE_DATOS[[#This Row],[Pos.]]&BASE_DATOS[[#This Row],[Situación Actual]]) -> TC-1024Rodando
A28: TC-102 | B28: F8U-787 | C28: Tracto | D28: Tracción | E28: 102 5 | F28: Continental | G28: 295/80R22.5 | H28: =IF(BASE_DATOS[[#This Row],[N-R]]="N",BASE_DATOS[[#This Row],[Diseño]],"Reencauche") -> HS3+ | I28: HS3+ | J28: N | K28: 16 | L28: 110 | R28: 5 | S28: 45385 | V28: 9 | W28: 8 | X28: 9 | Y28: =IFERROR(MIN(V28:X28),"") -> 8 | Z28: st | AA28: =IFERROR(BASE_DATOS[[#This Row],[NSK Original]]-BASE_DATOS[[#This Row],[NSK]]," ") -> 8 | AB28: ='NSK-TRACTO'!$A$2 -> 6 | AC28: =IF(BASE_DATOS[[#This Row],[NSK]]>=BASE_DATOS[[#This Row],[NSK Reen]],BASE_DATOS[[#This Row],[NSK Reen]],BASE_DATOS[[#This Row],[NSK]]) -> 6 | AD28: =IFERROR(100%-(BASE_DATOS[[#This Row],[NSK Reen]]/BASE_DATOS[[#This Row],[NSK Original]]),"") -> 0.625 | AE28: =IFERROR(100%-BASE_DATOS[[#This Row],[NSK]]/BASE_DATOS[[#This Row],[NSK Original]],"") -> 0.5 | AF28: =IFERROR(BASE_DATOS[[#This Row],[% Max Des.]]-BASE_DATOS[[#This Row],[% Des]],"") -> 0.125 | AI28: =IF(OR(BASE_DATOS[[#This Row],[Hr.]]="",BASE_DATOS[[#This Row],[Hr. Actual]]=""),"",BASE_DATOS[[#This Row],[Hr. Actual]]-BASE_DATOS[[#This Row],[Hr.]]+BASE_DATOS[[#This Row],[Horas Acumuladas]]) | AJ28: =IFERROR(BASE_DATOS[[#This Row],[Precio US$]]/BASE_DATOS[[#This Row],[Horas Rodadas]],"") | AK28: =IFERROR(BASE_DATOS[[#This Row],[Horas Rodadas]]/(BASE_DATOS[[#This Row],[NSK Original]]-BASE_DATOS[[#This Row],[NSK]]),"") | AL28: =IF(BASE_DATOS[[#This Row],[Situación Actual]]="RETIRADO","",IF(BASE_DATOS[[#This Row],[Situación Actual]]="RODANDO",IFERROR(BASE_DATOS[[#This Row],[Hrs/mm]]*(BASE_DATOS[[#This Row],[NSK]]-BASE_DATOS[[#This Row],[NSK Form.]])+BASE_DATOS[[#This Row],[Horas Rodadas]],""))) | AM28: =IFERROR(BASE_DATOS[[#This Row],[Precio US$]]/BASE_DATOS[[#This Row],[Horas Proy.]],"") | AN28: =IF(OR(BASE_DATOS[[#This Row],[Km.]]="",BASE_DATOS[[#This Row],[Km. Actual]]=""),"",BASE_DATOS[[#This Row],[Km. Actual]]-BASE_DATOS[[#This Row],[Km.]]+BASE_DATOS[[#This Row],[Kilómetros Acumulados]]) | AO28: =IFERROR(BASE_DATOS[[#This Row],[Precio US$]]/BASE_DATOS[[#This Row],[Kilómetros Rodados]],"") | AP28: =IFERROR(BASE_DATOS[[#This Row],[Kilómetros Rodados]]/(BASE_DATOS[[#This Row],[NSK Original]]-BASE_DATOS[[#This Row],[NSK]]),"") | AQ28: =IF(BASE_DATOS[[#This Row],[Situación Actual]]="RETIRADO","",IF(BASE_DATOS[[#This Row],[Situación Actual]]="RODANDO",IFERROR(BASE_DATOS[[#This Row],[Kms/ mm]]*(BASE_DATOS[[#This Row],[NSK]]-BASE_DATOS[[#This Row],[NSK Form.]])+BASE_DATOS[[#This Row],[Kilómetros Rodados]],""))) | AR28: =IFERROR(BASE_DATOS[[#This Row],[Precio US$]]/BASE_DATOS[[#This Row],[Kilómetros Proy.]],"") | AS28: Rodando | AT28: x | AW28: Desgarro en banda de rodado | AY28: =CONCATENATE(BASE_DATOS[[#This Row],[Código_U]]&BASE_DATOS[[#This Row],[Pos.]]&BASE_DATOS[[#This Row],[Situación Actual]]) -> TC-1025Rodando
A29: TC-102 | B29: F8U-787 | C29: Tracto | D29: Tracción | E29: 102 6 | F29: Continental | G29: 295/80R22.5 | H29: =IF(BASE_DATOS[[#This Row],[N-R]]="N",BASE_DATOS[[#This Row],[Diseño]],"Reencauche") -> HS3+ | I29: HS3+ | J29: N | K29: 16 | L29: 110 | R29: 6 | S29: 45385 | V29: 9 | W29: 8 | X29: 8 | Y29: =IFERROR(MIN(V29:X29),"") -> 8 | Z29: st | AA29: =IFERROR(BASE_DATOS[[#This Row],[NSK Original]]-BASE_DATOS[[#This Row],[NSK]]," ") -> 8 | AB29: ='NSK-TRACTO'!$A$2 -> 6 | AC29: =IF(BASE_DATOS[[#This Row],[NSK]]>=BASE_DATOS[[#This Row],[NSK Reen]],BASE_DATOS[[#This Row],[NSK Reen]],BASE_DATOS[[#This Row],[NSK]]) -> 6 | AD29: =IFERROR(100%-(BASE_DATOS[[#This Row],[NSK Reen]]/BASE_DATOS[[#This Row],[NSK Original]]),"") -> 0.625 | AE29: =IFERROR(100%-BASE_DATOS[[#This Row],[NSK]]/BASE_DATOS[[#This Row],[NSK Original]],"") -> 0.5 | AF29: =IFERROR(BASE_DATOS[[#This Row],[% Max Des.]]-BASE_DATOS[[#This Row],[% Des]],"") -> 0.125 | AI29: =IF(OR(BASE_DATOS[[#This Row],[Hr.]]="",BASE_DATOS[[#This Row],[Hr. Actual]]=""),"",BASE_DATOS[[#This Row],[Hr. Actual]]-BASE_DATOS[[#This Row],[Hr.]]+BASE_DATOS[[#This Row],[Horas Acumuladas]]) | AJ29: =IFERROR(BASE_DATOS[[#This Row],[Precio US$]]/BASE_DATOS[[#This Row],[Horas Rodadas]],"") | AK29: =IFERROR(BASE_DATOS[[#This Row],[Horas Rodadas]]/(BASE_DATOS[[#This Row],[NSK Original]]-BASE_DATOS[[#This Row],[NSK]]),"") | AL29: =IF(BASE_DATOS[[#This Row],[Situación Actual]]="RETIRADO","",IF(BASE_DATOS[[#This Row],[Situación Actual]]="RODANDO",IFERROR(BASE_DATOS[[#This Row],[Hrs/mm]]*(BASE_DATOS[[#This Row],[NSK]]-BASE_DATOS[[#This Row],[NSK Form.]])+BASE_DATOS[[#This Row],[Horas Rodadas]],""))) | AM29: =IFERROR(BASE_DATOS[[#This Row],[Precio US$]]/BASE_DATOS[[#This Row],[Horas Proy.]],"") | AN29: =IF(OR(BASE_DATOS[[#This Row],[Km.]]="",BASE_DATOS[[#This Row],[Km. Actual]]=""),"",BASE_DATOS[[#This Row],[Km. Actual]]-BASE_DATOS[[#This Row],[Km.]]+BASE_DATOS[[#This Row],[Kilómetros Acumulados]]) | AO29: =IFERROR(BASE_DATOS[[#This Row],[Precio US$]]/BASE_DATOS[[#This Row],[Kilómetros Rodados]],"") | AP29: =IFERROR(BASE_DATOS[[#This Row],[Kilómetros Rodados]]/(BASE_DATOS[[#This Row],[NSK Original]]-BASE_DATOS[[#This Row],[NSK]]),"") | AQ29: =IF(BASE_DATOS[[#This Row],[Situación Actual]]="RETIRADO","",IF(BASE_DATOS[[#This Row],[Situación Actual]]="RODANDO",IFERROR(BASE_DATOS[[#This Row],[Kms/ mm]]*(BASE_DATOS[[#This Row],[NSK]]-BASE_DATOS[[#This Row],[NSK Form.]])+BASE_DATOS[[#This Row],[Kilómetros Rodados]],""))) | AR29: =IFERROR(BASE_DATOS[[#This Row],[Precio US$]]/BASE_DATOS[[#This Row],[Kilómetros Proy.]],"") | AS29: Rodando | AY29: =CONCATENATE(BASE_DATOS[[#This Row],[Código_U]]&BASE_DATOS[[#This Row],[Pos.]]&BASE_DATOS[[#This Row],[Situación Actual]]) -> TC-1026Rodando
A30: TC-102 | B30: F8U-787 | C30: Tracto | D30: Tracción | F30: Michelin | G30: 295/80R22.5 | H30: =IF(BASE_DATOS[[#This Row],[N-R]]="N",BASE_DATOS[[#This Row],[Diseño]],"Reencauche") -> Reencauche | I30: MDE | J30: 2R | K30: 22 | L30: 110 | R30: 7 | S30: 45385 | V30: 10 | X30: 11 | Y30: =IFERROR(MIN(V30:X30),"") -> 10 | Z30: st | AA30: =IFERROR(BASE_DATOS[[#This Row],[NSK Original]]-BASE_DATOS[[#This Row],[NSK]]," ") -> 12 | AB30: ='NSK-TRACTO'!$A$2 -> 6 | AC30: =IF(BASE_DATOS[[#This Row],[NSK]]>=BASE_DATOS[[#This Row],[NSK Reen]],BASE_DATOS[[#This Row],[NSK Reen]],BASE_DATOS[[#This Row],[NSK]]) -> 6 | AD30: =IFERROR(100%-(BASE_DATOS[[#This Row],[NSK Reen]]/BASE_DATOS[[#This Row],[NSK Original]]),"") -> 0.72727273 | AE30: =IFERROR(100%-BASE_DATOS[[#This Row],[NSK]]/BASE_DATOS[[#This Row],[NSK Original]],"") -> 0.54545455 | AF30: =IFERROR(BASE_DATOS[[#This Row],[% Max Des.]]-BASE_DATOS[[#This Row],[% Des]],"") -> 0.18181818 | AI30: =IF(OR(BASE_DATOS[[#This Row],[Hr.]]="",BASE_DATOS[[#This Row],[Hr. Actual]]=""),"",BASE_DATOS[[#This Row],[Hr. Actual]]-BASE_DATOS[[#This Row],[Hr.]]+BASE_DATOS[[#This Row],[Horas Acumuladas]]) | AJ30: =IFERROR(BASE_DATOS[[#This Row],[Precio US$]]/BASE_DATOS[[#This Row],[Horas Rodadas]],"") | AK30: =IFERROR(BASE_DATOS[[#This Row],[Horas Rodadas]]/(BASE_DATOS[[#This Row],[NSK Original]]-BASE_DATOS[[#This Row],[NSK]]),"") | AL30: =IF(BASE_DATOS[[#This Row],[Situación Actual]]="RETIRADO","",IF(BASE_DATOS[[#This Row],[Situación Actual]]="RODANDO",IFERROR(BASE_DATOS[[#This Row],[Hrs/mm]]*(BASE_DATOS[[#This Row],[NSK]]-BASE_DATOS[[#This Row],[NSK Form.]])+BASE_DATOS[[#This Row],[Horas Rodadas]],""))) | AM30: =IFERROR(BASE_DATOS[[#This Row],[Precio US$]]/BASE_DATOS[[#This Row],[Horas Proy.]],"") | AN30: =IF(OR(BASE_DATOS[[#This Row],[Km.]]="",BASE_DATOS[[#This Row],[Km. Actual]]=""),"",BASE_DATOS[[#This Row],[Km. Actual]]-BASE_DATOS[[#This Row],[Km.]]+BASE_DATOS[[#This Row],[Kilómetros Acumulados]]) | AO30: =IFERROR(BASE_DATOS[[#This Row],[Precio US$]]/BASE_DATOS[[#This Row],[Kilómetros Rodados]],"") | AP30: =IFERROR(BASE_DATOS[[#This Row],[Kilómetros Rodados]]/(BASE_DATOS[[#This Row],[NSK Original]]-BASE_DATOS[[#This Row],[NSK]]),"") | AQ30: =IF(BASE_DATOS[[#This Row],[Situación Actual]]="RETIRADO","",IF(BASE_DATOS[[#This Row],[Situación Actual]]="RODANDO",IFERROR(BASE_DATOS[[#This Row],[Kms/ mm]]*(BASE_DATOS[[#This Row],[NSK]]-BASE_DATOS[[#This Row],[NSK Form.]])+BASE_DATOS[[#This Row],[Kilómetros Rodados]],""))) | AR30: =IFERROR(BASE_DATOS[[#This Row],[Precio US$]]/BASE_DATOS[[#This Row],[Kilómetros Proy.]],"") | AS30: Rodando | AY30: =CONCATENATE(BASE_DATOS[[#This Row],[Código_U]]&BASE_DATOS[[#This Row],[Pos.]]&BASE_DATOS[[#This Row],[Situación Actual]]) -> TC-1027Rodando
A31: TC-102 | B31: F8U-787 | C31: Tracto | D31: Tracción | F31: Michelin | G31: 295/80R22.5 | H31: =IF(BASE_DATOS[[#This Row],[N-R]]="N",BASE_DATOS[[#This Row],[Diseño]],"Reencauche") -> Reencauche | I31: MDE | J31: 2R | K31: 22 | L31: 110 | R31: 8 | S31: 45385 | V31: 6 | X31: 6 | Y31: =IFERROR(MIN(V31:X31),"") -> 6 | Z31: st | AA31: =IFERROR(BASE_DATOS[[#This Row],[NSK Original]]-BASE_DATOS[[#This Row],[NSK]]," ") -> 16 | AB31: ='NSK-TRACTO'!$A$2 -> 6 | AC31: =IF(BASE_DATOS[[#This Row],[NSK]]>=BASE_DATOS[[#This Row],[NSK Reen]],BASE_DATOS[[#This Row],[NSK Reen]],BASE_DATOS[[#This Row],[NSK]]) -> 6 | AD31: =IFERROR(100%-(BASE_DATOS[[#This Row],[NSK Reen]]/BASE_DATOS[[#This Row],[NSK Original]]),"") -> 0.72727273 | AE31: =IFERROR(100%-BASE_DATOS[[#This Row],[NSK]]/BASE_DATOS[[#This Row],[NSK Original]],"") -> 0.72727273 | AF31: =IFERROR(BASE_DATOS[[#This Row],[% Max Des.]]-BASE_DATOS[[#This Row],[% Des]],"") -> 0 | AI31: =IF(OR(BASE_DATOS[[#This Row],[Hr.]]="",BASE_DATOS[[#This Row],[Hr. Actual]]=""),"",BASE_DATOS[[#This Row],[Hr. Actual]]-BASE_DATOS[[#This Row],[Hr.]]+BASE_DATOS[[#This Row],[Horas Acumuladas]]) | AJ31: =IFERROR(BASE_DATOS[[#This Row],[Precio US$]]/BASE_DATOS[[#This Row],[Horas Rodadas]],"") | AK31: =IFERROR(BASE_DATOS[[#This Row],[Horas Rodadas]]/(BASE_DATOS[[#This Row],[NSK Original]]-BASE_DATOS[[#This Row],[NSK]]),"") | AL31: =IF(BASE_DATOS[[#This Row],[Situación Actual]]="RETIRADO","",IF(BASE_DATOS[[#This Row],[Situación Actual]]="RODANDO",IFERROR(BASE_DATOS[[#This Row],[Hrs/mm]]*(BASE_DATOS[[#This Row],[NSK]]-BASE_DATOS[[#This Row],[NSK Form.]])+BASE_DATOS[[#This Row],[Horas Rodadas]],""))) | AM31: =IFERROR(BASE_DATOS[[#This Row],[Precio US$]]/BASE_DATOS[[#This Row],[Horas Proy.]],"") | AN31: =IF(OR(BASE_DATOS[[#This Row],[Km.]]="",BASE_DATOS[[#This Row],[Km. Actual]]=""),"",BASE_DATOS[[#This Row],[Km. Actual]]-BASE_DATOS[[#This Row],[Km.]]+BASE_DATOS[[#This Row],[Kilómetros Acumulados]]) | AO31: =IFERROR(BASE_DATOS[[#This Row],[Precio US$]]/BASE_DATOS[[#This Row],[Kilómetros Rodados]],"") | AP31: =IFERROR(BASE_DATOS[[#This Row],[Kilómetros Rodados]]/(BASE_DATOS[[#This Row],[NSK Original]]-BASE_DATOS[[#This Row],[NSK]]),"") | AQ31: =IF(BASE_DATOS[[#This Row],[Situación Actual]]="RETIRADO","",IF(BASE_DATOS[[#This Row],[Situación Actual]]="RODANDO",IFERROR(BASE_DATOS[[#This Row],[Kms/ mm]]*(BASE_DATOS[[#This Row],[NSK]]-BASE_DATOS[[#This Row],[NSK Form.]])+BASE_DATOS[[#This Row],[Kilómetros Rodados]],""))) | AR31: =IFERROR(BASE_DATOS[[#This Row],[Precio US$]]/BASE_DATOS[[#This Row],[Kilómetros Proy.]],"") | AS31: Rodando | AY31: =CONCATENATE(BASE_DATOS[[#This Row],[Código_U]]&BASE_DATOS[[#This Row],[Pos.]]&BASE_DATOS[[#This Row],[Situación Actual]]) -> TC-1028Rodando
A32: TC-102 | B32: F8U-787 | C32: Tracto | D32: Tracción | F32: Austone | G32: 295/80R22.5 | H32: =IF(BASE_DATOS[[#This Row],[N-R]]="N",BASE_DATOS[[#This Row],[Diseño]],"Reencauche") -> Reencauche | I32: MDE | J32: 1R | K32: 22 | L32: 110 | R32: 9 | S32: 45385 | V32: 9 | X32: 9 | Y32: =IFERROR(MIN(V32:X32),"") -> 9 | Z32: st | AA32: =IFERROR(BASE_DATOS[[#This Row],[NSK Original]]-BASE_DATOS[[#This Row],[NSK]]," ") -> 13 | AB32: ='NSK-TRACTO'!$A$2 -> 6 | AC32: =IF(BASE_DATOS[[#This Row],[NSK]]>=BASE_DATOS[[#This Row],[NSK Reen]],BASE_DATOS[[#This Row],[NSK Reen]],BASE_DATOS[[#This Row],[NSK]]) -> 6 | AD32: =IFERROR(100%-(BASE_DATOS[[#This Row],[NSK Reen]]/BASE_DATOS[[#This Row],[NSK Original]]),"") -> 0.72727273 | AE32: =IFERROR(100%-BASE_DATOS[[#This Row],[NSK]]/BASE_DATOS[[#This Row],[NSK Original]],"") -> 0.59090909 | AF32: =IFERROR(BASE_DATOS[[#This Row],[% Max Des.]]-BASE_DATOS[[#This Row],[% Des]],"") -> 0.13636364 | AI32: =IF(OR(BASE_DATOS[[#This Row],[Hr.]]="",BASE_DATOS[[#This Row],[Hr. Actual]]=""),"",BASE_DATOS[[#This Row],[Hr. Actual]]-BASE_DATOS[[#This Row],[Hr.]]+BASE_DATOS[[#This Row],[Horas Acumuladas]]) | AJ32: =IFERROR(BASE_DATOS[[#This Row],[Precio US$]]/BASE_DATOS[[#This Row],[Horas Rodadas]],"") | AK32: =IFERROR(BASE_DATOS[[#This Row],[Horas Rodadas]]/(BASE_DATOS[[#This Row],[NSK Original]]-BASE_DATOS[[#This Row],[NSK]]),"") | AL32: =IF(BASE_DATOS[[#This Row],[Situación Actual]]="RETIRADO","",IF(BASE_DATOS[[#This Row],[Situación Actual]]="RODANDO",IFERROR(BASE_DATOS[[#This Row],[Hrs/mm]]*(BASE_DATOS[[#This Row],[NSK]]-BASE_DATOS[[#This Row],[NSK Form.]])+BASE_DATOS[[#This Row],[Horas Rodadas]],""))) | AM32: =IFERROR(BASE_DATOS[[#This Row],[Precio US$]]/BASE_DATOS[[#This Row],[Horas Proy.]],"") | AN32: =IF(OR(BASE_DATOS[[#This Row],[Km.]]="",BASE_DATOS[[#This Row],[Km. Actual]]=""),"",BASE_DATOS[[#This Row],[Km. Actual]]-BASE_DATOS[[#This Row],[Km.]]+BASE_DATOS[[#This Row],[Kilómetros Acumulados]]) | AO32: =IFERROR(BASE_DATOS[[#This Row],[Precio US$]]/BASE_DATOS[[#This Row],[Kilómetros Rodados]],"") | AP32: =IFERROR(BASE_DATOS[[#This Row],[Kilómetros Rodados]]/(BASE_DATOS[[#This Row],[NSK Original]]-BASE_DATOS[[#This Row],[NSK]]),"") | AQ32: =IF(BASE_DATOS[[#This Row],[Situación Actual]]="RETIRADO","",IF(BASE_DATOS[[#This Row],[Situación Actual]]="RODANDO",IFERROR(BASE_DATOS[[#This Row],[Kms/ mm]]*(BASE_DATOS[[#This Row],[NSK]]-BASE_DATOS[[#This Row],[NSK Form.]])+BASE_DATOS[[#This Row],[Kilómetros Rodados]],""))) | AR32: =IFERROR(BASE_DATOS[[#This Row],[Precio US$]]/BASE_DATOS[[#This Row],[Kilómetros Proy.]],"") | AS32: Rodando | AY32: =CONCATENATE(BASE_DATOS[[#This Row],[Código_U]]&BASE_DATOS[[#This Row],[Pos.]]&BASE_DATOS[[#This Row],[Situación Actual]]) -> TC-1029Rodando
A33: TC-102 | B33: F8U-787 | C33: Tracto | D33: Tracción | F33: Austone | G33: 295/80R22.5 | H33: =IF(BASE_DATOS[[#This Row],[N-R]]="N",BASE_DATOS[[#This Row],[Diseño]],"Reencauche") -> Reencauche | I33: MDE | J33: 1R | K33: 22 | L33: 110 | R33: 10 | S33: 45385 | V33: 10 | X33: 10 | Y33: =IFERROR(MIN(V33:X33),"") -> 10 | Z33: st | AA33: =IFERROR(BASE_DATOS[[#This Row],[NSK Original]]-BASE_DATOS[[#This Row],[NSK]]," ") -> 12 | AB33: ='NSK-TRACTO'!$A$2 -> 6 | AC33: =IF(BASE_DATOS[[#This Row],[NSK]]>=BASE_DATOS[[#This Row],[NSK Reen]],BASE_DATOS[[#This Row],[NSK Reen]],BASE_DATOS[[#This Row],[NSK]]) -> 6 | AD33: =IFERROR(100%-(BASE_DATOS[[#This Row],[NSK Reen]]/BASE_DATOS[[#This Row],[NSK Original]]),"") -> 0.72727273 | AE33: =IFERROR(100%-BASE_DATOS[[#This Row],[NSK]]/BASE_DATOS[[#This Row],[NSK Original]],"") -> 0.54545455 | AF33: =IFERROR(BASE_DATOS[[#This Row],[% Max Des.]]-BASE_DATOS[[#This Row],[% Des]],"") -> 0.18181818 | AI33: =IF(OR(BASE_DATOS[[#This Row],[Hr.]]="",BASE_DATOS[[#This Row],[Hr. Actual]]=""),"",BASE_DATOS[[#This Row],[Hr. Actual]]-BASE_DATOS[[#This Row],[Hr.]]+BASE_DATOS[[#This Row],[Horas Acumuladas]]) | AJ33: =IFERROR(BASE_DATOS[[#This Row],[Precio US$]]/BASE_DATOS[[#This Row],[Horas Rodadas]],"") | AK33: =IFERROR(BASE_DATOS[[#This Row],[Horas Rodadas]]/(BASE_DATOS[[#This Row],[NSK Original]]-BASE_DATOS[[#This Row],[NSK]]),"") | AL33: =IF(BASE_DATOS[[#This Row],[Situación Actual]]="RETIRADO","",IF(BASE_DATOS[[#This Row],[Situación Actual]]="RODANDO",IFERROR(BASE_DATOS[[#This Row],[Hrs/mm]]*(BASE_DATOS[[#This Row],[NSK]]-BASE_DATOS[[#This Row],[NSK Form.]])+BASE_DATOS[[#This Row],[Horas Rodadas]],""))) | AM33: =IFERROR(BASE_DATOS[[#This Row],[Precio US$]]/BASE_DATOS[[#This Row],[Horas Proy.]],"") | AN33: =IF(OR(BASE_DATOS[[#This Row],[Km.]]="",BASE_DATOS[[#This Row],[Km. Actual]]=""),"",BASE_DATOS[[#This Row],[Km. Actual]]-BASE_DATOS[[#This Row],[Km.]]+BASE_DATOS[[#This Row],[Kilómetros Acumulados]]) | AO33: =IFERROR(BASE_DATOS[[#This Row],[Precio US$]]/BASE_DATOS[[#This Row],[Kilómetros Rodados]],"") | AP33: =IFERROR(BASE_DATOS[[#This Row],[Kilómetros Rodados]]/(BASE_DATOS[[#This Row],[NSK Original]]-BASE_DATOS[[#This Row],[NSK]]),"") | AQ33: =IF(BASE_DATOS[[#This Row],[Situación Actual]]="RETIRADO","",IF(BASE_DATOS[[#This Row],[Situación Actual]]="RODANDO",IFERROR(BASE_DATOS[[#This Row],[Kms/ mm]]*(BASE_DATOS[[#This Row],[NSK]]-BASE_DATOS[[#This Row],[NSK Form.]])+BASE_DATOS[[#This Row],[Kilómetros Rodados]],""))) | AR33: =IFERROR(BASE_DATOS[[#This Row],[Precio US$]]/BASE_DATOS[[#This Row],[Kilómetros Proy.]],"") | AS33: Rodando | AY33: =CONCATENATE(BASE_DATOS[[#This Row],[Código_U]]&BASE_DATOS[[#This Row],[Pos.]]&BASE_DATOS[[#This Row],[Situación Actual]]) -> TC-10210Rodando
A34: SR-102 | B34: TOU-986 | C34: Encapsulado | D34: Libre | E34: 102 5 | F34: Aeolus | G34: 445/65R22.5 | H34: =IF(BASE_DATOS[[#This Row],[N-R]]="N",BASE_DATOS[[#This Row],[Diseño]],"Reencauche") -> AGC28 | I34: AGC28 | J34: N | K34: 16.5 | L34: 110 | R34: 1 | S34: 45385 | V34: 11 | W34: 11 | X34: 11 | Y34: =IFERROR(MIN(V34:X34),"") -> 11 | Z34: st | AA34: =IFERROR(BASE_DATOS[[#This Row],[NSK Original]]-BASE_DATOS[[#This Row],[NSK]]," ") -> 5.5 | AB34: ='NSK-TRACTO'!$A$2 -> 6 | AC34: =IF(BASE_DATOS[[#This Row],[NSK]]>=BASE_DATOS[[#This Row],[NSK Reen]],BASE_DATOS[[#This Row],[NSK Reen]],BASE_DATOS[[#This Row],[NSK]]) -> 6 | AD34: =IFERROR(100%-(BASE_DATOS[[#This Row],[NSK Reen]]/BASE_DATOS[[#This Row],[NSK Original]]),"") -> 0.63636364 | AE34: =IFERROR(100%-BASE_DATOS[[#This Row],[NSK]]/BASE_DATOS[[#This Row],[NSK Original]],"") -> 0.33333333 | AF34: =IFERROR(BASE_DATOS[[#This Row],[% Max Des.]]-BASE_DATOS[[#This Row],[% Des]],"") -> 0.3030303 | AI34: =IF(OR(BASE_DATOS[[#This Row],[Hr.]]="",BASE_DATOS[[#This Row],[Hr. Actual]]=""),"",BASE_DATOS[[#This Row],[Hr. Actual]]-BASE_DATOS[[#This Row],[Hr.]]+BASE_DATOS[[#This Row],[Horas Acumuladas]]) | AJ34: =IFERROR(BASE_DATOS[[#This Row],[Precio US$]]/BASE_DATOS[[#This Row],[Horas Rodadas]],"") | AK34: =IFERROR(BASE_DATOS[[#This Row],[Horas Rodadas]]/(BASE_DATOS[[#This Row],[NSK Original]]-BASE_DATOS[[#This Row],[NSK]]),"") | AL34: =IF(BASE_DATOS[[#This Row],[Situación Actual]]="RETIRADO","",IF(BASE_DATOS[[#This Row],[Situación Actual]]="RODANDO",IFERROR(BASE_DATOS[[#This Row],[Hrs/mm]]*(BASE_DATOS[[#This Row],[NSK]]-BASE_DATOS[[#This Row],[NSK Form.]])+BASE_DATOS[[#This Row],[Horas Rodadas]],""))) | AM34: =IFERROR(BASE_DATOS[[#This Row],[Precio US$]]/BASE_DATOS[[#This Row],[Horas Proy.]],"") | AN34: =IF(OR(BASE_DATOS[[#This Row],[Km.]]="",BASE_DATOS[[#This Row],[Km. Actual]]=""),"",BASE_DATOS[[#This Row],[Km. Actual]]-BASE_DATOS[[#This Row],[Km.]]+BASE_DATOS[[#This Row],[Kilómetros Acumulados]]) | AO34: =IFERROR(BASE_DATOS[[#This Row],[Precio US$]]/BASE_DATOS[[#This Row],[Kilómetros Rodados]],"") | AP34: =IFERROR(BASE_DATOS[[#This Row],[Kilómetros Rodados]]/(BASE_DATOS[[#This Row],[NSK Original]]-BASE_DATOS[[#This Row],[NSK]]),"") | AQ34: =IF(BASE_DATOS[[#This Row],[Situación Actual]]="RETIRADO","",IF(BASE_DATOS[[#This Row],[Situación Actual]]="RODANDO",IFERROR(BASE_DATOS[[#This Row],[Kms/ mm]]*(BASE_DATOS[[#This Row],[NSK]]-BASE_DATOS[[#This Row],[NSK Form.]])+BASE_DATOS[[#This Row],[Kilómetros Rodados]],""))) | AR34: =IFERROR(BASE_DATOS[[#This Row],[Precio US$]]/BASE_DATOS[[#This Row],[Kilómetros Proy.]],"") | AS34: Rodando | AY34: =CONCATENATE(BASE_DATOS[[#This Row],[Código_U]]&BASE_DATOS[[#This Row],[Pos.]]&BASE_DATOS[[#This Row],[Situación Actual]]) -> SR-1021Rodando
A35: SR-102 | B35: TOU-986 | C35: Encapsulado | D35: Libre | E35: 102 5 | F35: Aeolus | G35: 445/65R22.5 | H35: =IF(BASE_DATOS[[#This Row],[N-R]]="N",BASE_DATOS[[#This Row],[Diseño]],"Reencauche") -> AGC28 | I35: AGC28 | J35: N | K35: 16.5 | L35: 110 | R35: 2 | S35: 45385 | V35: 11 | W35: 11 | X35: 11 | Y35: =IFERROR(MIN(V35:X35),"") -> 11 | Z35: st | AA35: =IFERROR(BASE_DATOS[[#This Row],[NSK Original]]-BASE_DATOS[[#This Row],[NSK]]," ") -> 5.5 | AB35: ='NSK-TRACTO'!$A$2 -> 6 | AC35: =IF(BASE_DATOS[[#This Row],[NSK]]>=BASE_DATOS[[#This Row],[NSK Reen]],BASE_DATOS[[#This Row],[NSK Reen]],BASE_DATOS[[#This Row],[NSK]]) -> 6 | AD35: =IFERROR(100%-(BASE_DATOS[[#This Row],[NSK Reen]]/BASE_DATOS[[#This Row],[NSK Original]]),"") -> 0.63636364 | AE35: =IFERROR(100%-BASE_DATOS[[#This Row],[NSK]]/BASE_DATOS[[#This Row],[NSK Original]],"") -> 0.33333333 | AF35: =IFERROR(BASE_DATOS[[#This Row],[% Max Des.]]-BASE_DATOS[[#This Row],[% Des]],"") -> 0.3030303 | AI35: =IF(OR(BASE_DATOS[[#This Row],[Hr.]]="",BASE_DATOS[[#This Row],[Hr. Actual]]=""),"",BASE_DATOS[[#This Row],[Hr. Actual]]-BASE_DATOS[[#This Row],[Hr.]]+BASE_DATOS[[#This Row],[Horas Acumuladas]]) | AJ35: =IFERROR(BASE_DATOS[[#This Row],[Precio US$]]/BASE_DATOS[[#This Row],[Horas Rodadas]],"") | AK35: =IFERROR(BASE_DATOS[[#This Row],[Horas Rodadas]]/(BASE_DATOS[[#This Row],[NSK Original]]-BASE_DATOS[[#This Row],[NSK]]),"") | AL35: =IF(BASE_DATOS[[#This Row],[Situación Actual]]="RETIRADO","",IF(BASE_DATOS[[#This Row],[Situación Actual]]="RODANDO",IFERROR(BASE_DATOS[[#This Row],[Hrs/mm]]*(BASE_DATOS[[#This Row],[NSK]]-BASE_DATOS[[#This Row],[NSK Form.]])+BASE_DATOS[[#This Row],[Horas Rodadas]],""))) | AM35: =IFERROR(BASE_DATOS[[#This Row],[Precio US$]]/BASE_DATOS[[#This Row],[Horas Proy.]],"") | AN35: =IF(OR(BASE_DATOS[[#This Row],[Km.]]="",BASE_DATOS[[#This Row],[Km. Actual]]=""),"",BASE_DATOS[[#This Row],[Km. Actual]]-BASE_DATOS[[#This Row],[Km.]]+BASE_DATOS[[#This Row],[Kilómetros Acumulados]]) | AO35: =IFERROR(BASE_DATOS[[#This Row],[Precio US$]]/BASE_DATOS[[#This Row],[Kilómetros Rodados]],"") | AP35: =IFERROR(BASE_DATOS[[#This Row],[Kilómetros Rodados]]/(BASE_DATOS[[#This Row],[NSK Original]]-BASE_DATOS[[#This Row],[NSK]]),"") | AQ35: =IF(BASE_DATOS[[#This Row],[Situación Actual]]="RETIRADO","",IF(BASE_DATOS[[#This Row],[Situación Actual]]="RODANDO",IFERROR(BASE_DATOS[[#This Row],[Kms/ mm]]*(BASE_DATOS[[#This Row],[NSK]]-BASE_DATOS[[#This Row],[NSK Form.]])+BASE_DATOS[[#This Row],[Kilómetros Rodados]],""))) | AR35: =IFERROR(BASE_DATOS[[#This Row],[Precio US$]]/BASE_DATOS[[#This Row],[Kilómetros Proy.]],"") | AS35: Rodando | AY35: =CONCATENATE(BASE_DATOS[[#This Row],[Código_U]]&BASE_DATOS[[#This Row],[Pos.]]&BASE_DATOS[[#This Row],[Situación Actual]]) -> SR-1022Rodando
A36: SR-102 | B36: TOU-986 | C36: Encapsulado | D36: Libre | F36: Aeolus | G36: 445/65R22.5 | H36: =IF(BASE_DATOS[[#This Row],[N-R]]="N",BASE_DATOS[[#This Row],[Diseño]],"Reencauche") -> AGC28 | I36: AGC28 | J36: N | K36: 16.5 | L36: 110 | R36: 3 | S36: 45385 | V36: 10 | W36: 10 | X36: 10 | Y36: =IFERROR(MIN(V36:X36),"") -> 10 | Z36: st | AA36: =IFERROR(BASE_DATOS[[#This Row],[NSK Original]]-BASE_DATOS[[#This Row],[NSK]]," ") -> 6.5 | AB36: ='NSK-TRACTO'!$A$2 -> 6 | AC36: =IF(BASE_DATOS[[#This Row],[NSK]]>=BASE_DATOS[[#This Row],[NSK Reen]],BASE_DATOS[[#This Row],[NSK Reen]],BASE_DATOS[[#This Row],[NSK]]) -> 6 | AD36: =IFERROR(100%-(BASE_DATOS[[#This Row],[NSK Reen]]/BASE_DATOS[[#This Row],[NSK Original]]),"") -> 0.63636364 | AE36: =IFERROR(100%-BASE_DATOS[[#This Row],[NSK]]/BASE_DATOS[[#This Row],[NSK Original]],"") -> 0.39393939 | AF36: =IFERROR(BASE_DATOS[[#This Row],[% Max Des.]]-BASE_DATOS[[#This Row],[% Des]],"") -> 0.24242424 | AI36: =IF(OR(BASE_DATOS[[#This Row],[Hr.]]="",BASE_DATOS[[#This Row],[Hr. Actual]]=""),"",BASE_DATOS[[#This Row],[Hr. Actual]]-BASE_DATOS[[#This Row],[Hr.]]+BASE_DATOS[[#This Row],[Horas Acumuladas]]) | AJ36: =IFERROR(BASE_DATOS[[#This Row],[Precio US$]]/BASE_DATOS[[#This Row],[Horas Rodadas]],"") | AK36: =IFERROR(BASE_DATOS[[#This Row],[Horas Rodadas]]/(BASE_DATOS[[#This Row],[NSK Original]]-BASE_DATOS[[#This Row],[NSK]]),"") | AL36: =IF(BASE_DATOS[[#This Row],[Situación Actual]]="RETIRADO","",IF(BASE_DATOS[[#This Row],[Situación Actual]]="RODANDO",IFERROR(BASE_DATOS[[#This Row],[Hrs/mm]]*(BASE_DATOS[[#This Row],[NSK]]-BASE_DATOS[[#This Row],[NSK Form.]])+BASE_DATOS[[#This Row],[Horas Rodadas]],""))) | AM36: =IFERROR(BASE_DATOS[[#This Row],[Precio US$]]/BASE_DATOS[[#This Row],[Horas Proy.]],"") | AN36: =IF(OR(BASE_DATOS[[#This Row],[Km.]]="",BASE_DATOS[[#This Row],[Km. Actual]]=""),"",BASE_DATOS[[#This Row],[Km. Actual]]-BASE_DATOS[[#This Row],[Km.]]+BASE_DATOS[[#This Row],[Kilómetros Acumulados]]) | AO36: =IFERROR(BASE_DATOS[[#This Row],[Precio US$]]/BASE_DATOS[[#This Row],[Kilómetros Rodados]],"") | AP36: =IFERROR(BASE_DATOS[[#This Row],[Kilómetros Rodados]]/(BASE_DATOS[[#This Row],[NSK Original]]-BASE_DATOS[[#This Row],[NSK]]),"") | AQ36: =IF(BASE_DATOS[[#This Row],[Situación Actual]]="RETIRADO","",IF(BASE_DATOS[[#This Row],[Situación Actual]]="RODANDO",IFERROR(BASE_DATOS[[#This Row],[Kms/ mm]]*(BASE_DATOS[[#This Row],[NSK]]-BASE_DATOS[[#This Row],[NSK Form.]])+BASE_DATOS[[#This Row],[Kilómetros Rodados]],""))) | AR36: =IFERROR(BASE_DATOS[[#This Row],[Precio US$]]/BASE_DATOS[[#This Row],[Kilómetros Proy.]],"") | AS36: Rodando | AY36: =CONCATENATE(BASE_DATOS[[#This Row],[Código_U]]&BASE_DATOS[[#This Row],[Pos.]]&BASE_DATOS[[#This Row],[Situación Actual]]) -> SR-1023Rodando
A37: SR-102 | B37: TOU-986 | C37: Encapsulado | D37: Libre | F37: Aeolus | G37: 445/65R22.5 | H37: =IF(BASE_DATOS[[#This Row],[N-R]]="N",BASE_DATOS[[#This Row],[Diseño]],"Reencauche") -> AGC28 | I37: AGC28 | J37: N | K37: 16.5 | L37: 110 | R37: 4 | S37: 45385 | V37: 12 | W37: 12 | X37: 12 | Y37: =IFERROR(MIN(V37:X37),"") -> 12 | Z37: st | AA37: =IFERROR(BASE_DATOS[[#This Row],[NSK Original]]-BASE_DATOS[[#This Row],[NSK]]," ") -> 4.5 | AB37: ='NSK-TRACTO'!$A$2 -> 6 | AC37: =IF(BASE_DATOS[[#This Row],[NSK]]>=BASE_DATOS[[#This Row],[NSK Reen]],BASE_DATOS[[#This Row],[NSK Reen]],BASE_DATOS[[#This Row],[NSK]]) -> 6 | AD37: =IFERROR(100%-(BASE_DATOS[[#This Row],[NSK Reen]]/BASE_DATOS[[#This Row],[NSK Original]]),"") -> 0.63636364 | AE37: =IFERROR(100%-BASE_DATOS[[#This Row],[NSK]]/BASE_DATOS[[#This Row],[NSK Original]],"") -> 0.27272727 | AF37: =IFERROR(BASE_DATOS[[#This Row],[% Max Des.]]-BASE_DATOS[[#This Row],[% Des]],"") -> 0.36363636 | AI37: =IF(OR(BASE_DATOS[[#This Row],[Hr.]]="",BASE_DATOS[[#This Row],[Hr. Actual]]=""),"",BASE_DATOS[[#This Row],[Hr. Actual]]-BASE_DATOS[[#This Row],[Hr.]]+BASE_DATOS[[#This Row],[Horas Acumuladas]]) | AJ37: =IFERROR(BASE_DATOS[[#This Row],[Precio US$]]/BASE_DATOS[[#This Row],[Horas Rodadas]],"") | AK37: =IFERROR(BASE_DATOS[[#This Row],[Horas Rodadas]]/(BASE_DATOS[[#This Row],[NSK Original]]-BASE_DATOS[[#This Row],[NSK]]),"") | AL37: =IF(BASE_DATOS[[#This Row],[Situación Actual]]="RETIRADO","",IF(BASE_DATOS[[#This Row],[Situación Actual]]="RODANDO",IFERROR(BASE_DATOS[[#This Row],[Hrs/mm]]*(BASE_DATOS[[#This Row],[NSK]]-BASE_DATOS[[#This Row],[NSK Form.]])+BASE_DATOS[[#This Row],[Horas Rodadas]],""))) | AM37: =IFERROR(BASE_DATOS[[#This Row],[Precio US$]]/BASE_DATOS[[#This Row],[Horas Proy.]],"") | AN37: =IF(OR(BASE_DATOS[[#This Row],[Km.]]="",BASE_DATOS[[#This Row],[Km. Actual]]=""),"",BASE_DATOS[[#This Row],[Km. Actual]]-BASE_DATOS[[#This Row],[Km.]]+BASE_DATOS[[#This Row],[Kilómetros Acumulados]]) | AO37: =IFERROR(BASE_DATOS[[#This Row],[Precio US$]]/BASE_DATOS[[#This Row],[Kilómetros Rodados]],"") | AP37: =IFERROR(BASE_DATOS[[#This Row],[Kilómetros Rodados]]/(BASE_DATOS[[#This Row],[NSK Original]]-BASE_DATOS[[#This Row],[NSK]]),"") | AQ37: =IF(BASE_DATOS[[#This Row],[Situación Actual]]="RETIRADO","",IF(BASE_DATOS[[#This Row],[Situación Actual]]="RODANDO",IFERROR(BASE_DATOS[[#This Row],[Kms/ mm]]*(BASE_DATOS[[#This Row],[NSK]]-BASE_DATOS[[#This Row],[NSK Form.]])+BASE_DATOS[[#This Row],[Kilómetros Rodados]],""))) | AR37: =IFERROR(BASE_DATOS[[#This Row],[Precio US$]]/BASE_DATOS[[#This Row],[Kilómetros Proy.]],"") | AS37: Rodando | AY37: =CONCATENATE(BASE_DATOS[[#This Row],[Código_U]]&BASE_DATOS[[#This Row],[Pos.]]&BASE_DATOS[[#This Row],[Situación Actual]]) -> SR-1024Rodando
A38: SR-102 | B38: TOU-986 | C38: Encapsulado | D38: Libre | F38: Aeolus | G38: 445/65R22.5 | H38: =IF(BASE_DATOS[[#This Row],[N-R]]="N",BASE_DATOS[[#This Row],[Diseño]],"Reencauche") -> Reencauche | I38: LZY3 | J38: 1R | K38: 21 | L38: 110 | R38: 5 | S38: 45385 | V38: 19 | W38: 19 | X38: 19 | Y38: =IFERROR(MIN(V38:X38),"") -> 19 | Z38: st | AA38: =IFERROR(BASE_DATOS[[#This Row],[NSK Original]]-BASE_DATOS[[#This Row],[NSK]]," ") -> 2 | AB38: ='NSK-TRACTO'!$A$2 -> 6 | AC38: =IF(BASE_DATOS[[#This Row],[NSK]]>=BASE_DATOS[[#This Row],[NSK Reen]],BASE_DATOS[[#This Row],[NSK Reen]],BASE_DATOS[[#This Row],[NSK]]) -> 6 | AD38: =IFERROR(100%-(BASE_DATOS[[#This Row],[NSK Reen]]/BASE_DATOS[[#This Row],[NSK Original]]),"") -> 0.71428571 | AE38: =IFERROR(100%-BASE_DATOS[[#This Row],[NSK]]/BASE_DATOS[[#This Row],[NSK Original]],"") -> 0.095238095 | AF38: =IFERROR(BASE_DATOS[[#This Row],[% Max Des.]]-BASE_DATOS[[#This Row],[% Des]],"") -> 0.61904762 | AI38: =IF(OR(BASE_DATOS[[#This Row],[Hr.]]="",BASE_DATOS[[#This Row],[Hr. Actual]]=""),"",BASE_DATOS[[#This Row],[Hr. Actual]]-BASE_DATOS[[#This Row],[Hr.]]+BASE_DATOS[[#This Row],[Horas Acumuladas]]) | AJ38: =IFERROR(BASE_DATOS[[#This Row],[Precio US$]]/BASE_DATOS[[#This Row],[Horas Rodadas]],"") | AK38: =IFERROR(BASE_DATOS[[#This Row],[Horas Rodadas]]/(BASE_DATOS[[#This Row],[NSK Original]]-BASE_DATOS[[#This Row],[NSK]]),"") | AL38: =IF(BASE_DATOS[[#This Row],[Situación Actual]]="RETIRADO","",IF(BASE_DATOS[[#This Row],[Situación Actual]]="RODANDO",IFERROR(BASE_DATOS[[#This Row],[Hrs/mm]]*(BASE_DATOS[[#This Row],[NSK]]-BASE_DATOS[[#This Row],[NSK Form.]])+BASE_DATOS[[#This Row],[Horas Rodadas]],""))) | AM38: =IFERROR(BASE_DATOS[[#This Row],[Precio US$]]/BASE_DATOS[[#This Row],[Horas Proy.]],"") | AN38: =IF(OR(BASE_DATOS[[#This Row],[Km.]]="",BASE_DATOS[[#This Row],[Km. Actual]]=""),"",BASE_DATOS[[#This Row],[Km. Actual]]-BASE_DATOS[[#This Row],[Km.]]+BASE_DATOS[[#This Row],[Kilómetros Acumulados]]) | AO38: =IFERROR(BASE_DATOS[[#This Row],[Precio US$]]/BASE_DATOS[[#This Row],[Kilómetros Rodados]],"") | AP38: =IFERROR(BASE_DATOS[[#This Row],[Kilómetros Rodados]]/(BASE_DATOS[[#This Row],[NSK Original]]-BASE_DATOS[[#This Row],[NSK]]),"") | AQ38: =IF(BASE_DATOS[[#This Row],[Situación Actual]]="RETIRADO","",IF(BASE_DATOS[[#This Row],[Situación Actual]]="RODANDO",IFERROR(BASE_DATOS[[#This Row],[Kms/ mm]]*(BASE_DATOS[[#This Row],[NSK]]-BASE_DATOS[[#This Row],[NSK Form.]])+BASE_DATOS[[#This Row],[Kilómetros Rodados]],""))) | AR38: =IFERROR(BASE_DATOS[[#This Row],[Precio US$]]/BASE_DATOS[[#This Row],[Kilómetros Proy.]],"") | AS38: Rodando | AY38: =CONCATENATE(BASE_DATOS[[#This Row],[Código_U]]&BASE_DATOS[[#This Row],[Pos.]]&BASE_DATOS[[#This Row],[Situación Actual]]) -> SR-1025Rodando
A39: SR-102 | B39: TOU-986 | C39: Encapsulado | D39: Libre | E39: 102 2 | F39: Aeolus | G39: 445/65R22.5 | H39: =IF(BASE_DATOS[[#This Row],[N-R]]="N",BASE_DATOS[[#This Row],[Diseño]],"Reencauche") -> Reencauche | I39: LZY3 | J39: 1R | K39: 21 | L39: 110 | R39: 6 | S39: 45385 | V39: 19 | W39: 19 | X39: 19 | Y39: =IFERROR(MIN(V39:X39),"") -> 19 | Z39: st | AA39: =IFERROR(BASE_DATOS[[#This Row],[NSK Original]]-BASE_DATOS[[#This Row],[NSK]]," ") -> 2 | AB39: ='NSK-TRACTO'!$A$2 -> 6 | AC39: =IF(BASE_DATOS[[#This Row],[NSK]]>=BASE_DATOS[[#This Row],[NSK Reen]],BASE_DATOS[[#This Row],[NSK Reen]],BASE_DATOS[[#This Row],[NSK]]) -> 6 | AD39: =IFERROR(100%-(BASE_DATOS[[#This Row],[NSK Reen]]/BASE_DATOS[[#This Row],[NSK Original]]),"") -> 0.71428571 | AE39: =IFERROR(100%-BASE_DATOS[[#This Row],[NSK]]/BASE_DATOS[[#This Row],[NSK Original]],"") -> 0.095238095 | AF39: =IFERROR(BASE_DATOS[[#This Row],[% Max Des.]]-BASE_DATOS[[#This Row],[% Des]],"") -> 0.61904762 | AI39: =IF(OR(BASE_DATOS[[#This Row],[Hr.]]="",BASE_DATOS[[#This Row],[Hr. Actual]]=""),"",BASE_DATOS[[#This Row],[Hr. Actual]]-BASE_DATOS[[#This Row],[Hr.]]+BASE_DATOS[[#This Row],[Horas Acumuladas]]) | AJ39: =IFERROR(BASE_DATOS[[#This Row],[Precio US$]]/BASE_DATOS[[#This Row],[Horas Rodadas]],"") | AK39: =IFERROR(BASE_DATOS[[#This Row],[Horas Rodadas]]/(BASE_DATOS[[#This Row],[NSK Original]]-BASE_DATOS[[#This Row],[NSK]]),"") | AL39: =IF(BASE_DATOS[[#This Row],[Situación Actual]]="RETIRADO","",IF(BASE_DATOS[[#This Row],[Situación Actual]]="RODANDO",IFERROR(BASE_DATOS[[#This Row],[Hrs/mm]]*(BASE_DATOS[[#This Row],[NSK]]-BASE_DATOS[[#This Row],[NSK Form.]])+BASE_DATOS[[#This Row],[Horas Rodadas]],""))) | AM39: =IFERROR(BASE_DATOS[[#This Row],[Precio US$]]/BASE_DATOS[[#This Row],[Horas Proy.]],"") | AN39: =IF(OR(BASE_DATOS[[#This Row],[Km.]]="",BASE_DATOS[[#This Row],[Km. Actual]]=""),"",BASE_DATOS[[#This Row],[Km. Actual]]-BASE_DATOS[[#This Row],[Km.]]+BASE_DATOS[[#This Row],[Kilómetros Acumulados]]) | AO39: =IFERROR(BASE_DATOS[[#This Row],[Precio US$]]/BASE_DATOS[[#This Row],[Kilómetros Rodados]],"") | AP39: =IFERROR(BASE_DATOS[[#This Row],[Kilómetros Rodados]]/(BASE_DATOS[[#This Row],[NSK Original]]-BASE_DATOS[[#This Row],[NSK]]),"") | AQ39: =IF(BASE_DATOS[[#This Row],[Situación Actual]]="RETIRADO","",IF(BASE_DATOS[[#This Row],[Situación Actual]]="RODANDO",IFERROR(BASE_DATOS[[#This Row],[Kms/ mm]]*(BASE_DATOS[[#This Row],[NSK]]-BASE_DATOS[[#This Row],[NSK Form.]])+BASE_DATOS[[#This Row],[Kilómetros Rodados]],""))) | AR39: =IFERROR(BASE_DATOS[[#This Row],[Precio US$]]/BASE_DATOS[[#This Row],[Kilómetros Proy.]],"") | AS39: Rodando | AY39: =CONCATENATE(BASE_DATOS[[#This Row],[Código_U]]&BASE_DATOS[[#This Row],[Pos.]]&BASE_DATOS[[#This Row],[Situación Actual]]) -> SR-1026Rodando
A40: SR-102 | B40: TOU-986 | C40: Encapsulado | D40: RC | F40: Michelin | G40: 425/65R22.5 | H40: =IF(BASE_DATOS[[#This Row],[N-R]]="N",BASE_DATOS[[#This Row],[Diseño]],"Reencauche") -> XZY3 | I40: XZY3 | J40: N | K40: 0 | L40: 110 | R40: RE | S40: 45385 | V40: 8 | W40: 8 | X40: 8 | Y40: =IFERROR(MIN(V40:X40),"") -> 8 | Z40: st | AA40: =IFERROR(BASE_DATOS[[#This Row],[NSK Original]]-BASE_DATOS[[#This Row],[NSK]]," ") -> -8 | AB40: ='NSK-TRACTO'!$A$2 -> 6 | AC40: =IF(BASE_DATOS[[#This Row],[NSK]]>=BASE_DATOS[[#This Row],[NSK Reen]],BASE_DATOS[[#This Row],[NSK Reen]],BASE_DATOS[[#This Row],[NSK]]) -> 6 | AD40: =IFERROR(100%-(BASE_DATOS[[#This Row],[NSK Reen]]/BASE_DATOS[[#This Row],[NSK Original]]),"") | AE40: =IFERROR(100%-BASE_DATOS[[#This Row],[NSK]]/BASE_DATOS[[#This Row],[NSK Original]],"") | AF40: =IFERROR(BASE_DATOS[[#This Row],[% Max Des.]]-BASE_DATOS[[#This Row],[% Des]],"") | AI40: =IF(OR(BASE_DATOS[[#This Row],[Hr.]]="",BASE_DATOS[[#This Row],[Hr. Actual]]=""),"",BASE_DATOS[[#This Row],[Hr. Actual]]-BASE_DATOS[[#This Row],[Hr.]]+BASE_DATOS[[#This Row],[Horas Acumuladas]]) | AJ40: =IFERROR(BASE_DATOS[[#This Row],[Precio US$]]/BASE_DATOS[[#This Row],[Horas Rodadas]],"") | AK40: =IFERROR(BASE_DATOS[[#This Row],[Horas Rodadas]]/(BASE_DATOS[[#This Row],[NSK Original]]-BASE_DATOS[[#This Row],[NSK]]),"") | AL40: =IF(BASE_DATOS[[#This Row],[Situación Actual]]="RETIRADO","",IF(BASE_DATOS[[#This Row],[Situación Actual]]="RODANDO",IFERROR(BASE_DATOS[[#This Row],[Hrs/mm]]*(BASE_DATOS[[#This Row],[NSK]]-BASE_DATOS[[#This Row],[NSK Form.]])+BASE_DATOS[[#This Row],[Horas Rodadas]],""))) | AM40: =IFERROR(BASE_DATOS[[#This Row],[Precio US$]]/BASE_DATOS[[#This Row],[Horas Proy.]],"") | AN40: =IF(OR(BASE_DATOS[[#This Row],[Km.]]="",BASE_DATOS[[#This Row],[Km. Actual]]=""),"",BASE_DATOS[[#This Row],[Km. Actual]]-BASE_DATOS[[#This Row],[Km.]]+BASE_DATOS[[#This Row],[Kilómetros Acumulados]]) | AO40: =IFERROR(BASE_DATOS[[#This Row],[Precio US$]]/BASE_DATOS[[#This Row],[Kilómetros Rodados]],"") | AP40: =IFERROR(BASE_DATOS[[#This Row],[Kilómetros Rodados]]/(BASE_DATOS[[#This Row],[NSK Original]]-BASE_DATOS[[#This Row],[NSK]]),"") | AQ40: =IF(BASE_DATOS[[#This Row],[Situación Actual]]="RETIRADO","",IF(BASE_DATOS[[#This Row],[Situación Actual]]="RODANDO",IFERROR(BASE_DATOS[[#This Row],[Kms/ mm]]*(BASE_DATOS[[#This Row],[NSK]]-BASE_DATOS[[#This Row],[NSK Form.]])+BASE_DATOS[[#This Row],[Kilómetros Rodados]],""))) | AR40: =IFERROR(BASE_DATOS[[#This Row],[Precio US$]]/BASE_DATOS[[#This Row],[Kilómetros Proy.]],"") | AS40: Rodando | AY40: =CONCATENATE(BASE_DATOS[[#This Row],[Código_U]]&BASE_DATOS[[#This Row],[Pos.]]&BASE_DATOS[[#This Row],[Situación Actual]]) -> SR-102RERodando
A41: SR-102 | B41: TOU-986 | C41: Encapsulado | D41: RT | F41: Michelin | G41: 295/80R22.5 | H41: =IF(BASE_DATOS[[#This Row],[N-R]]="N",BASE_DATOS[[#This Row],[Diseño]],"Reencauche") -> Reencauche | I41: MDE | J41: 3R | K41: 22 | L41: 110 | R41: RT | S41: 45385 | V41: 13 | X41: 13 | Y41: =IFERROR(MIN(V41:X41),"") -> 13 | Z41: st | AA41: =IFERROR(BASE_DATOS[[#This Row],[NSK Original]]-BASE_DATOS[[#This Row],[NSK]]," ") -> 9 | AB41: ='NSK-TRACTO'!$A$2 -> 6 | AC41: =IF(BASE_DATOS[[#This Row],[NSK]]>=BASE_DATOS[[#This Row],[NSK Reen]],BASE_DATOS[[#This Row],[NSK Reen]],BASE_DATOS[[#This Row],[NSK]]) -> 6 | AD41: =IFERROR(100%-(BASE_DATOS[[#This Row],[NSK Reen]]/BASE_DATOS[[#This Row],[NSK Original]]),"") -> 0.72727273 | AE41: =IFERROR(100%-BASE_DATOS[[#This Row],[NSK]]/BASE_DATOS[[#This Row],[NSK Original]],"") -> 0.40909091 | AF41: =IFERROR(BASE_DATOS[[#This Row],[% Max Des.]]-BASE_DATOS[[#This Row],[% Des]],"") -> 0.31818182 | AI41: =IF(OR(BASE_DATOS[[#This Row],[Hr.]]="",BASE_DATOS[[#This Row],[Hr. Actual]]=""),"",BASE_DATOS[[#This Row],[Hr. Actual]]-BASE_DATOS[[#This Row],[Hr.]]+BASE_DATOS[[#This Row],[Horas Acumuladas]]) | AJ41: =IFERROR(BASE_DATOS[[#This Row],[Precio US$]]/BASE_DATOS[[#This Row],[Horas Rodadas]],"") | AK41: =IFERROR(BASE_DATOS[[#This Row],[Horas Rodadas]]/(BASE_DATOS[[#This Row],[NSK Original]]-BASE_DATOS[[#This Row],[NSK]]),"") | AL41: =IF(BASE_DATOS[[#This Row],[Situación Actual]]="RETIRADO","",IF(BASE_DATOS[[#This Row],[Situación Actual]]="RODANDO",IFERROR(BASE_DATOS[[#This Row],[Hrs/mm]]*(BASE_DATOS[[#This Row],[NSK]]-BASE_DATOS[[#This Row],[NSK Form.]])+BASE_DATOS[[#This Row],[Horas Rodadas]],""))) | AM41: =IFERROR(BASE_DATOS[[#This Row],[Precio US$]]/BASE_DATOS[[#This Row],[Horas Proy.]],"") | AN41: =IF(OR(BASE_DATOS[[#This Row],[Km.]]="",BASE_DATOS[[#This Row],[Km. Actual]]=""),"",BASE_DATOS[[#This Row],[Km. Actual]]-BASE_DATOS[[#This Row],[Km.]]+BASE_DATOS[[#This Row],[Kilómetros Acumulados]]) | AO41: =IFERROR(BASE_DATOS[[#This Row],[Precio US$]]/BASE_DATOS[[#This Row],[Kilómetros Rodados]],"") | AP41: =IFERROR(BASE_DATOS[[#This Row],[Kilómetros Rodados]]/(BASE_DATOS[[#This Row],[NSK Original]]-BASE_DATOS[[#This Row],[NSK]]),"") | AQ41: =IF(BASE_DATOS[[#This Row],[Situación Actual]]="RETIRADO","",IF(BASE_DATOS[[#This Row],[Situación Actual]]="RODANDO",IFERROR(BASE_DATOS[[#This Row],[Kms/ mm]]*(BASE_DATOS[[#This Row],[NSK]]-BASE_DATOS[[#This Row],[NSK Form.]])+BASE_DATOS[[#This Row],[Kilómetros Rodados]],""))) | AR41: =IFERROR(BASE_DATOS[[#This Row],[Precio US$]]/BASE_DATOS[[#This Row],[Kilómetros Proy.]],"") | AS41: Rodando | AT41: x | AW41: Dispersión de cordones costado | AY41: =CONCATENATE(BASE_DATOS[[#This Row],[Código_U]]&BASE_DATOS[[#This Row],[Pos.]]&BASE_DATOS[[#This Row],[Situación Actual]]) -> SR-102RTRodando
A42: TC-108 | B42: F8V-758 | C42: Tracto | D42: Direccional | F42: Goodyear | G42: 295/80R22.5 | H42: =IF(BASE_DATOS[[#This Row],[N-R]]="N",BASE_DATOS[[#This Row],[Diseño]],"Reencauche") -> KMAX S | I42: KMAX S | J42: N | K42: 15.8 | L42: 100 | R42: 1 | S42: 45385 | V42: 10 | W42: 13 | X42: 13 | Y42: =IFERROR(MIN(V42:X42),"") -> 10 | Z42: st | AA42: =IFERROR(BASE_DATOS[[#This Row],[NSK Original]]-BASE_DATOS[[#This Row],[NSK]]," ") -> 5.8 | AB42: ='NSK-TRACTO'!$A$2 -> 6 | AC42: =IF(BASE_DATOS[[#This Row],[NSK]]>=BASE_DATOS[[#This Row],[NSK Reen]],BASE_DATOS[[#This Row],[NSK Reen]],BASE_DATOS[[#This Row],[NSK]]) -> 6 | AD42: =IFERROR(100%-(BASE_DATOS[[#This Row],[NSK Reen]]/BASE_DATOS[[#This Row],[NSK Original]]),"") -> 0.62025316 | AE42: =IFERROR(100%-BASE_DATOS[[#This Row],[NSK]]/BASE_DATOS[[#This Row],[NSK Original]],"") -> 0.36708861 | AF42: =IFERROR(BASE_DATOS[[#This Row],[% Max Des.]]-BASE_DATOS[[#This Row],[% Des]],"") -> 0.25316456 | AI42: =IF(OR(BASE_DATOS[[#This Row],[Hr.]]="",BASE_DATOS[[#This Row],[Hr. Actual]]=""),"",BASE_DATOS[[#This Row],[Hr. Actual]]-BASE_DATOS[[#This Row],[Hr.]]+BASE_DATOS[[#This Row],[Horas Acumuladas]]) | AJ42: =IFERROR(BASE_DATOS[[#This Row],[Precio US$]]/BASE_DATOS[[#This Row],[Horas Rodadas]],"") | AK42: =IFERROR(BASE_DATOS[[#This Row],[Horas Rodadas]]/(BASE_DATOS[[#This Row],[NSK Original]]-BASE_DATOS[[#This Row],[NSK]]),"") | AL42: =IF(BASE_DATOS[[#This Row],[Situación Actual]]="RETIRADO","",IF(BASE_DATOS[[#This Row],[Situación Actual]]="RODANDO",IFERROR(BASE_DATOS[[#This Row],[Hrs/mm]]*(BASE_DATOS[[#This Row],[NSK]]-BASE_DATOS[[#This Row],[NSK Form.]])+BASE_DATOS[[#This Row],[Horas Rodadas]],""))) | AM42: =IFERROR(BASE_DATOS[[#This Row],[Precio US$]]/BASE_DATOS[[#This Row],[Horas Proy.]],"") | AN42: =IF(OR(BASE_DATOS[[#This Row],[Km.]]="",BASE_DATOS[[#This Row],[Km. Actual]]=""),"",BASE_DATOS[[#This Row],[Km. Actual]]-BASE_DATOS[[#This Row],[Km.]]+BASE_DATOS[[#This Row],[Kilómetros Acumulados]]) | AO42: =IFERROR(BASE_DATOS[[#This Row],[Precio US$]]/BASE_DATOS[[#This Row],[Kilómetros Rodados]],"") | AP42: =IFERROR(BASE_DATOS[[#This Row],[Kilómetros Rodados]]/(BASE_DATOS[[#This Row],[NSK Original]]-BASE_DATOS[[#This Row],[NSK]]),"") | AQ42: =IF(BASE_DATOS[[#This Row],[Situación Actual]]="RETIRADO","",IF(BASE_DATOS[[#This Row],[Situación Actual]]="RODANDO",IFERROR(BASE_DATOS[[#This Row],[Kms/ mm]]*(BASE_DATOS[[#This Row],[NSK]]-BASE_DATOS[[#This Row],[NSK Form.]])+BASE_DATOS[[#This Row],[Kilómetros Rodados]],""))) | AR42: =IFERROR(BASE_DATOS[[#This Row],[Precio US$]]/BASE_DATOS[[#This Row],[Kilómetros Proy.]],"") | AS42: Rodando | AU42: x | AX42: Alineamiento | AY42: =CONCATENATE(BASE_DATOS[[#This Row],[Código_U]]&BASE_DATOS[[#This Row],[Pos.]]&BASE_DATOS[[#This Row],[Situación Actual]]) -> TC-1081Rodando
A43: TC-108 | B43: F8V-758 | C43: Tracto | D43: Direccional | F43: Goodyear | G43: 295/80R22.5 | H43: =IF(BASE_DATOS[[#This Row],[N-R]]="N",BASE_DATOS[[#This Row],[Diseño]],"Reencauche") -> KMAX S | I43: KMAX S | J43: N | K43: 15.8 | L43: 100 | R43: 2 | S43: 45385 | V43: 12 | W43: 13 | X43: 12 | Y43: =IFERROR(MIN(V43:X43),"") -> 12 | Z43: st | AA43: =IFERROR(BASE_DATOS[[#This Row],[NSK Original]]-BASE_DATOS[[#This Row],[NSK]]," ") -> 3.8 | AB43: ='NSK-TRACTO'!$A$2 -> 6 | AC43: =IF(BASE_DATOS[[#This Row],[NSK]]>=BASE_DATOS[[#This Row],[NSK Reen]],BASE_DATOS[[#This Row],[NSK Reen]],BASE_DATOS[[#This Row],[NSK]]) -> 6 | AD43: =IFERROR(100%-(BASE_DATOS[[#This Row],[NSK Reen]]/BASE_DATOS[[#This Row],[NSK Original]]),"") -> 0.62025316 | AE43: =IFERROR(100%-BASE_DATOS[[#This Row],[NSK]]/BASE_DATOS[[#This Row],[NSK Original]],"") -> 0.24050633 | AF43: =IFERROR(BASE_DATOS[[#This Row],[% Max Des.]]-BASE_DATOS[[#This Row],[% Des]],"") -> 0.37974684 | AI43: =IF(OR(BASE_DATOS[[#This Row],[Hr.]]="",BASE_DATOS[[#This Row],[Hr. Actual]]=""),"",BASE_DATOS[[#This Row],[Hr. Actual]]-BASE_DATOS[[#This Row],[Hr.]]+BASE_DATOS[[#This Row],[Horas Acumuladas]]) | AJ43: =IFERROR(BASE_DATOS[[#This Row],[Precio US$]]/BASE_DATOS[[#This Row],[Horas Rodadas]],"") | AK43: =IFERROR(BASE_DATOS[[#This Row],[Horas Rodadas]]/(BASE_DATOS[[#This Row],[NSK Original]]-BASE_DATOS[[#This Row],[NSK]]),"") | AL43: =IF(BASE_DATOS[[#This Row],[Situación Actual]]="RETIRADO","",IF(BASE_DATOS[[#This Row],[Situación Actual]]="RODANDO",IFERROR(BASE_DATOS[[#This Row],[Hrs/mm]]*(BASE_DATOS[[#This Row],[NSK]]-BASE_DATOS[[#This Row],[NSK Form.]])+BASE_DATOS[[#This Row],[Horas Rodadas]],""))) | AM43: =IFERROR(BASE_DATOS[[#This Row],[Precio US$]]/BASE_DATOS[[#This Row],[Horas Proy.]],"") | AN43: =IF(OR(BASE_DATOS[[#This Row],[Km.]]="",BASE_DATOS[[#This Row],[Km. Actual]]=""),"",BASE_DATOS[[#This Row],[Km. Actual]]-BASE_DATOS[[#This Row],[Km.]]+BASE_DATOS[[#This Row],[Kilómetros Acumulados]]) | AO43: =IFERROR(BASE_DATOS[[#This Row],[Precio US$]]/BASE_DATOS[[#This Row],[Kilómetros Rodados]],"") | AP43: =IFERROR(BASE_DATOS[[#This Row],[Kilómetros Rodados]]/(BASE_DATOS[[#This Row],[NSK Original]]-BASE_DATOS[[#This Row],[NSK]]),"") | AQ43: =IF(BASE_DATOS[[#This Row],[Situación Actual]]="RETIRADO","",IF(BASE_DATOS[[#This Row],[Situación Actual]]="RODANDO",IFERROR(BASE_DATOS[[#This Row],[Kms/ mm]]*(BASE_DATOS[[#This Row],[NSK]]-BASE_DATOS[[#This Row],[NSK Form.]])+BASE_DATOS[[#This Row],[Kilómetros Rodados]],""))) | AR43: =IFERROR(BASE_DATOS[[#This Row],[Precio US$]]/BASE_DATOS[[#This Row],[Kilómetros Proy.]],"") | AS43: Rodando | AU43: x | AX43: Alineamiento | AY43: =CONCATENATE(BASE_DATOS[[#This Row],[Código_U]]&BASE_DATOS[[#This Row],[Pos.]]&BASE_DATOS[[#This Row],[Situación Actual]]) -> TC-1082Rodando
A44: TC-108 | B44: F8V-758 | C44: Tracto | D44: Tracción | F44: Michelin | G44: 295/80R22.5 | H44: =IF(BASE_DATOS[[#This Row],[N-R]]="N",BASE_DATOS[[#This Row],[Diseño]],"Reencauche") -> Reencauche | I44: MDE | J44: 2R | K44: 22 | L44: 110 | R44: 3 | S44: 45385 | V44: 10 | X44: 7 | Y44: =IFERROR(MIN(V44:X44),"") -> 7 | Z44: st | AA44: =IFERROR(BASE_DATOS[[#This Row],[NSK Original]]-BASE_DATOS[[#This Row],[NSK]]," ") -> 15 | AB44: ='NSK-TRACTO'!$A$2 -> 6 | AC44: =IF(BASE_DATOS[[#This Row],[NSK]]>=BASE_DATOS[[#This Row],[NSK Reen]],BASE_DATOS[[#This Row],[NSK Reen]],BASE_DATOS[[#This Row],[NSK]]) -> 6 | AD44: =IFERROR(100%-(BASE_DATOS[[#This Row],[NSK Reen]]/BASE_DATOS[[#This Row],[NSK Original]]),"") -> 0.72727273 | AE44: =IFERROR(100%-BASE_DATOS[[#This Row],[NSK]]/BASE_DATOS[[#This Row],[NSK Original]],"") -> 0.68181818 | AF44: =IFERROR(BASE_DATOS[[#This Row],[% Max Des.]]-BASE_DATOS[[#This Row],[% Des]],"") -> 0.045454545 | AI44: =IF(OR(BASE_DATOS[[#This Row],[Hr.]]="",BASE_DATOS[[#This Row],[Hr. Actual]]=""),"",BASE_DATOS[[#This Row],[Hr. Actual]]-BASE_DATOS[[#This Row],[Hr.]]+BASE_DATOS[[#This Row],[Horas Acumuladas]]) | AJ44: =IFERROR(BASE_DATOS[[#This Row],[Precio US$]]/BASE_DATOS[[#This Row],[Horas Rodadas]],"") | AK44: =IFERROR(BASE_DATOS[[#This Row],[Horas Rodadas]]/(BASE_DATOS[[#This Row],[NSK Original]]-BASE_DATOS[[#This Row],[NSK]]),"") | AL44: =IF(BASE_DATOS[[#This Row],[Situación Actual]]="RETIRADO","",IF(BASE_DATOS[[#This Row],[Situación Actual]]="RODANDO",IFERROR(BASE_DATOS[[#This Row],[Hrs/mm]]*(BASE_DATOS[[#This Row],[NSK]]-BASE_DATOS[[#This Row],[NSK Form.]])+BASE_DATOS[[#This Row],[Horas Rodadas]],""))) | AM44: =IFERROR(BASE_DATOS[[#This Row],[Precio US$]]/BASE_DATOS[[#This Row],[Horas Proy.]],"") | AN44: =IF(OR(BASE_DATOS[[#This Row],[Km.]]="",BASE_DATOS[[#This Row],[Km. Actual]]=""),"",BASE_DATOS[[#This Row],[Km. Actual]]-BASE_DATOS[[#This Row],[Km.]]+BASE_DATOS[[#This Row],[Kilómetros Acumulados]]) | AO44: =IFERROR(BASE_DATOS[[#This Row],[Precio US$]]/BASE_DATOS[[#This Row],[Kilómetros Rodados]],"") | AP44: =IFERROR(BASE_DATOS[[#This Row],[Kilómetros Rodados]]/(BASE_DATOS[[#This Row],[NSK Original]]-BASE_DATOS[[#This Row],[NSK]]),"") | AQ44: =IF(BASE_DATOS[[#This Row],[Situación Actual]]="RETIRADO","",IF(BASE_DATOS[[#This Row],[Situación Actual]]="RODANDO",IFERROR(BASE_DATOS[[#This Row],[Kms/ mm]]*(BASE_DATOS[[#This Row],[NSK]]-BASE_DATOS[[#This Row],[NSK Form.]])+BASE_DATOS[[#This Row],[Kilómetros Rodados]],""))) | AR44: =IFERROR(BASE_DATOS[[#This Row],[Precio US$]]/BASE_DATOS[[#This Row],[Kilómetros Proy.]],"") | AS44: Rodando | AY44: =CONCATENATE(BASE_DATOS[[#This Row],[Código_U]]&BASE_DATOS[[#This Row],[Pos.]]&BASE_DATOS[[#This Row],[Situación Actual]]) -> TC-1083Rodando
A45: TC-108 | B45: F8V-758 | C45: Tracto | D45: Tracción | F45: Michelin | G45: 295/80R22.5 | H45: =IF(BASE_DATOS[[#This Row],[N-R]]="N",BASE_DATOS[[#This Row],[Diseño]],"Reencauche") -> Reencauche | I45: MDE | J45: 1R | K45: 22 | L45: 110 | R45: 4 | S45: 45385 | V45: 7 | X45: 8 | Y45: =IFERROR(MIN(V45:X45),"") -> 7 | Z45: st | AA45: =IFERROR(BASE_DATOS[[#This Row],[NSK Original]]-BASE_DATOS[[#This Row],[NSK]]," ") -> 15 | AB45: ='NSK-TRACTO'!$A$2 -> 6 | AC45: =IF(BASE_DATOS[[#This Row],[NSK]]>=BASE_DATOS[[#This Row],[NSK Reen]],BASE_DATOS[[#This Row],[NSK Reen]],BASE_DATOS[[#This Row],[NSK]]) -> 6 | AD45: =IFERROR(100%-(BASE_DATOS[[#This Row],[NSK Reen]]/BASE_DATOS[[#This Row],[NSK Original]]),"") -> 0.72727273 | AE45: =IFERROR(100%-BASE_DATOS[[#This Row],[NSK]]/BASE_DATOS[[#This Row],[NSK Original]],"") -> 0.68181818 | AF45: =IFERROR(BASE_DATOS[[#This Row],[% Max Des.]]-BASE_DATOS[[#This Row],[% Des]],"") -> 0.045454545 | AI45: =IF(OR(BASE_DATOS[[#This Row],[Hr.]]="",BASE_DATOS[[#This Row],[Hr. Actual]]=""),"",BASE_DATOS[[#This Row],[Hr. Actual]]-BASE_DATOS[[#This Row],[Hr.]]+BASE_DATOS[[#This Row],[Horas Acumuladas]]) | AJ45: =IFERROR(BASE_DATOS[[#This Row],[Precio US$]]/BASE_DATOS[[#This Row],[Horas Rodadas]],"") | AK45: =IFERROR(BASE_DATOS[[#This Row],[Horas Rodadas]]/(BASE_DATOS[[#This Row],[NSK Original]]-BASE_DATOS[[#This Row],[NSK]]),"") | AL45: =IF(BASE_DATOS[[#This Row],[Situación Actual]]="RETIRADO","",IF(BASE_DATOS[[#This Row],[Situación Actual]]="RODANDO",IFERROR(BASE_DATOS[[#This Row],[Hrs/mm]]*(BASE_DATOS[[#This Row],[NSK]]-BASE_DATOS[[#This Row],[NSK Form.]])+BASE_DATOS[[#This Row],[Horas Rodadas]],""))) | AM45: =IFERROR(BASE_DATOS[[#This Row],[Precio US$]]/BASE_DATOS[[#This Row],[Horas Proy.]],"") | AN45: =IF(OR(BASE_DATOS[[#This Row],[Km.]]="",BASE_DATOS[[#This Row],[Km. Actual]]=""),"",BASE_DATOS[[#This Row],[Km. Actual]]-BASE_DATOS[[#This Row],[Km.]]+BASE_DATOS[[#This Row],[Kilómetros Acumulados]]) | AO45: =IFERROR(BASE_DATOS[[#This Row],[Precio US$]]/BASE_DATOS[[#This Row],[Kilómetros Rodados]],"") | AP45: =IFERROR(BASE_DATOS[[#This Row],[Kilómetros Rodados]]/(BASE_DATOS[[#This Row],[NSK Original]]-BASE_DATOS[[#This Row],[NSK]]),"") | AQ45: =IF(BASE_DATOS[[#This Row],[Situación Actual]]="RETIRADO","",IF(BASE_DATOS[[#This Row],[Situación Actual]]="RODANDO",IFERROR(BASE_DATOS[[#This Row],[Kms/ mm]]*(BASE_DATOS[[#This Row],[NSK]]-BASE_DATOS[[#This Row],[NSK Form.]])+BASE_DATOS[[#This Row],[Kilómetros Rodados]],""))) | AR45: =IFERROR(BASE_DATOS[[#This Row],[Precio US$]]/BASE_DATOS[[#This Row],[Kilómetros Proy.]],"") | AS45: Rodando | AY45: =CONCATENATE(BASE_DATOS[[#This Row],[Código_U]]&BASE_DATOS[[#This Row],[Pos.]]&BASE_DATOS[[#This Row],[Situación Actual]]) -> TC-1084Rodando
A46: TC-108 | B46: F8V-758 | C46: Tracto | D46: Tracción | F46: Goodyear | G46: 295/80R22.5 | H46: =IF(BASE_DATOS[[#This Row],[N-R]]="N",BASE_DATOS[[#This Row],[Diseño]],"Reencauche") -> Reencauche | I46: MDE | J46: 1R | K46: 22 | L46: 110 | R46: 5 | S46: 45385 | V46: 8 | X46: 10 | Y46: =IFERROR(MIN(V46:X46),"") -> 8 | Z46: st | AA46: =IFERROR(BASE_DATOS[[#This Row],[NSK Original]]-BASE_DATOS[[#This Row],[NSK]]," ") -> 14 | AB46: ='NSK-TRACTO'!$A$2 -> 6 | AC46: =IF(BASE_DATOS[[#This Row],[NSK]]>=BASE_DATOS[[#This Row],[NSK Reen]],BASE_DATOS[[#This Row],[NSK Reen]],BASE_DATOS[[#This Row],[NSK]]) -> 6 | AD46: =IFERROR(100%-(BASE_DATOS[[#This Row],[NSK Reen]]/BASE_DATOS[[#This Row],[NSK Original]]),"") -> 0.72727273 | AE46: =IFERROR(100%-BASE_DATOS[[#This Row],[NSK]]/BASE_DATOS[[#This Row],[NSK Original]],"") -> 0.63636364 | AF46: =IFERROR(BASE_DATOS[[#This Row],[% Max Des.]]-BASE_DATOS[[#This Row],[% Des]],"") -> 0.090909091 | AI46: =IF(OR(BASE_DATOS[[#This Row],[Hr.]]="",BASE_DATOS[[#This Row],[Hr. Actual]]=""),"",BASE_DATOS[[#This Row],[Hr. Actual]]-BASE_DATOS[[#This Row],[Hr.]]+BASE_DATOS[[#This Row],[Horas Acumuladas]]) | AJ46: =IFERROR(BASE_DATOS[[#This Row],[Precio US$]]/BASE_DATOS[[#This Row],[Horas Rodadas]],"") | AK46: =IFERROR(BASE_DATOS[[#This Row],[Horas Rodadas]]/(BASE_DATOS[[#This Row],[NSK Original]]-BASE_DATOS[[#This Row],[NSK]]),"") | AL46: =IF(BASE_DATOS[[#This Row],[Situación Actual]]="RETIRADO","",IF(BASE_DATOS[[#This Row],[Situación Actual]]="RODANDO",IFERROR(BASE_DATOS[[#This Row],[Hrs/mm]]*(BASE_DATOS[[#This Row],[NSK]]-BASE_DATOS[[#This Row],[NSK Form.]])+BASE_DATOS[[#This Row],[Horas Rodadas]],""))) | AM46: =IFERROR(BASE_DATOS[[#This Row],[Precio US$]]/BASE_DATOS[[#This Row],[Horas Proy.]],"") | AN46: =IF(OR(BASE_DATOS[[#This Row],[Km.]]="",BASE_DATOS[[#This Row],[Km. Actual]]=""),"",BASE_DATOS[[#This Row],[Km. Actual]]-BASE_DATOS[[#This Row],[Km.]]+BASE_DATOS[[#This Row],[Kilómetros Acumulados]]) | AO46: =IFERROR(BASE_DATOS[[#This Row],[Precio US$]]/BASE_DATOS[[#This Row],[Kilómetros Rodados]],"") | AP46: =IFERROR(BASE_DATOS[[#This Row],[Kilómetros Rodados]]/(BASE_DATOS[[#This Row],[NSK Original]]-BASE_DATOS[[#This Row],[NSK]]),"") | AQ46: =IF(BASE_DATOS[[#This Row],[Situación Actual]]="RETIRADO","",IF(BASE_DATOS[[#This Row],[Situación Actual]]="RODANDO",IFERROR(BASE_DATOS[[#This Row],[Kms/ mm]]*(BASE_DATOS[[#This Row],[NSK]]-BASE_DATOS[[#This Row],[NSK Form.]])+BASE_DATOS[[#This Row],[Kilómetros Rodados]],""))) | AR46: =IFERROR(BASE_DATOS[[#This Row],[Precio US$]]/BASE_DATOS[[#This Row],[Kilómetros Proy.]],"") | AS46: Rodando | AY46: =CONCATENATE(BASE_DATOS[[#This Row],[Código_U]]&BASE_DATOS[[#This Row],[Pos.]]&BASE_DATOS[[#This Row],[Situación Actual]]) -> TC-1085Rodando
A47: TC-108 | B47: F8V-758 | C47: Tracto | D47: Tracción | F47: Goodyear | G47: 295/80R22.5 | H47: =IF(BASE_DATOS[[#This Row],[N-R]]="N",BASE_DATOS[[#This Row],[Diseño]],"Reencauche") -> Reencauche | I47: MDE | J47: 1R | K47: 22 | L47: 110 | R47: 6 | S47: 45385 | V47: 10 | X47: 10 | Y47: =IFERROR(MIN(V47:X47),"") -> 10 | Z47: st | AA47: =IFERROR(BASE_DATOS[[#This Row],[NSK Original]]-BASE_DATOS[[#This Row],[NSK]]," ") -> 12 | AB47: ='NSK-TRACTO'!$A$2 -> 6 | AC47: =IF(BASE_DATOS[[#This Row],[NSK]]>=BASE_DATOS[[#This Row],[NSK Reen]],BASE_DATOS[[#This Row],[NSK Reen]],BASE_DATOS[[#This Row],[NSK]]) -> 6 | AD47: =IFERROR(100%-(BASE_DATOS[[#This Row],[NSK Reen]]/BASE_DATOS[[#This Row],[NSK Original]]),"") -> 0.72727273 | AE47: =IFERROR(100%-BASE_DATOS[[#This Row],[NSK]]/BASE_DATOS[[#This Row],[NSK Original]],"") -> 0.54545455 | AF47: =IFERROR(BASE_DATOS[[#This Row],[% Max Des.]]-BASE_DATOS[[#This Row],[% Des]],"") -> 0.18181818 | AI47: =IF(OR(BASE_DATOS[[#This Row],[Hr.]]="",BASE_DATOS[[#This Row],[Hr. Actual]]=""),"",BASE_DATOS[[#This Row],[Hr. Actual]]-BASE_DATOS[[#This Row],[Hr.]]+BASE_DATOS[[#This Row],[Horas Acumuladas]]) | AJ47: =IFERROR(BASE_DATOS[[#This Row],[Precio US$]]/BASE_DATOS[[#This Row],[Horas Rodadas]],"") | AK47: =IFERROR(BASE_DATOS[[#This Row],[Horas Rodadas]]/(BASE_DATOS[[#This Row],[NSK Original]]-BASE_DATOS[[#This Row],[NSK]]),"") | AL47: =IF(BASE_DATOS[[#This Row],[Situación Actual]]="RETIRADO","",IF(BASE_DATOS[[#This Row],[Situación Actual]]="RODANDO",IFERROR(BASE_DATOS[[#This Row],[Hrs/mm]]*(BASE_DATOS[[#This Row],[NSK]]-BASE_DATOS[[#This Row],[NSK Form.]])+BASE_DATOS[[#This Row],[Horas Rodadas]],""))) | AM47: =IFERROR(BASE_DATOS[[#This Row],[Precio US$]]/BASE_DATOS[[#This Row],[Horas Proy.]],"") | AN47: =IF(OR(BASE_DATOS[[#This Row],[Km.]]="",BASE_DATOS[[#This Row],[Km. Actual]]=""),"",BASE_DATOS[[#This Row],[Km. Actual]]-BASE_DATOS[[#This Row],[Km.]]+BASE_DATOS[[#This Row],[Kilómetros Acumulados]]) | AO47: =IFERROR(BASE_DATOS[[#This Row],[Precio US$]]/BASE_DATOS[[#This Row],[Kilómetros Rodados]],"") | AP47: =IFERROR(BASE_DATOS[[#This Row],[Kilómetros Rodados]]/(BASE_DATOS[[#This Row],[NSK Original]]-BASE_DATOS[[#This Row],[NSK]]),"") | AQ47: =IF(BASE_DATOS[[#This Row],[Situación Actual]]="RETIRADO","",IF(BASE_DATOS[[#This Row],[Situación Actual]]="RODANDO",IFERROR(BASE_DATOS[[#This Row],[Kms/ mm]]*(BASE_DATOS[[#This Row],[NSK]]-BASE_DATOS[[#This Row],[NSK Form.]])+BASE_DATOS[[#This Row],[Kilómetros Rodados]],""))) | AR47: =IFERROR(BASE_DATOS[[#This Row],[Precio US$]]/BASE_DATOS[[#This Row],[Kilómetros Proy.]],"") | AS47: Rodando | AY47: =CONCATENATE(BASE_DATOS[[#This Row],[Código_U]]&BASE_DATOS[[#This Row],[Pos.]]&BASE_DATOS[[#This Row],[Situación Actual]]) -> TC-1086Rodando
A48: TC-108 | B48: F8V-758 | C48: Tracto | D48: Tracción | F48: Goodyear | G48: 295/80R22.5 | H48: =IF(BASE_DATOS[[#This Row],[N-R]]="N",BASE_DATOS[[#This Row],[Diseño]],"Reencauche") -> KMAXD | I48: KMAXD | J48: N | K48: 22.2 | L48: 110 | R48: 7 | S48: 45385 | V48: 20 | X48: 20 | Y48: =IFERROR(MIN(V48:X48),"") -> 20 | Z48: st | AA48: =IFERROR(BASE_DATOS[[#This Row],[NSK Original]]-BASE_DATOS[[#This Row],[NSK]]," ") -> 2.2 | AB48: ='NSK-TRACTO'!$A$2 -> 6 | AC48: =IF(BASE_DATOS[[#This Row],[NSK]]>=BASE_DATOS[[#This Row],[NSK Reen]],BASE_DATOS[[#This Row],[NSK Reen]],BASE_DATOS[[#This Row],[NSK]]) -> 6 | AD48: =IFERROR(100%-(BASE_DATOS[[#This Row],[NSK Reen]]/BASE_DATOS[[#This Row],[NSK Original]]),"") -> 0.72972973 | AE48: =IFERROR(100%-BASE_DATOS[[#This Row],[NSK]]/BASE_DATOS[[#This Row],[NSK Original]],"") -> 0.099099099 | AF48: =IFERROR(BASE_DATOS[[#This Row],[% Max Des.]]-BASE_DATOS[[#This Row],[% Des]],"") -> 0.63063063 | AI48: =IF(OR(BASE_DATOS[[#This Row],[Hr.]]="",BASE_DATOS[[#This Row],[Hr. Actual]]=""),"",BASE_DATOS[[#This Row],[Hr. Actual]]-BASE_DATOS[[#This Row],[Hr.]]+BASE_DATOS[[#This Row],[Horas Acumuladas]]) | AJ48: =IFERROR(BASE_DATOS[[#This Row],[Precio US$]]/BASE_DATOS[[#This Row],[Horas Rodadas]],"") | AK48: =IFERROR(BASE_DATOS[[#This Row],[Horas Rodadas]]/(BASE_DATOS[[#This Row],[NSK Original]]-BASE_DATOS[[#This Row],[NSK]]),"") | AL48: =IF(BASE_DATOS[[#This Row],[Situación Actual]]="RETIRADO","",IF(BASE_DATOS[[#This Row],[Situación Actual]]="RODANDO",IFERROR(BASE_DATOS[[#This Row],[Hrs/mm]]*(BASE_DATOS[[#This Row],[NSK]]-BASE_DATOS[[#This Row],[NSK Form.]])+BASE_DATOS[[#This Row],[Horas Rodadas]],""))) | AM48: =IFERROR(BASE_DATOS[[#This Row],[Precio US$]]/BASE_DATOS[[#This Row],[Horas Proy.]],"") | AN48: =IF(OR(BASE_DATOS[[#This Row],[Km.]]="",BASE_DATOS[[#This Row],[Km. Actual]]=""),"",BASE_DATOS[[#This Row],[Km. Actual]]-BASE_DATOS[[#This Row],[Km.]]+BASE_DATOS[[#This Row],[Kilómetros Acumulados]]) | AO48: =IFERROR(BASE_DATOS[[#This Row],[Precio US$]]/BASE_DATOS[[#This Row],[Kilómetros Rodados]],"") | AP48: =IFERROR(BASE_DATOS[[#This Row],[Kilómetros Rodados]]/(BASE_DATOS[[#This Row],[NSK Original]]-BASE_DATOS[[#This Row],[NSK]]),"") | AQ48: =IF(BASE_DATOS[[#This Row],[Situación Actual]]="RETIRADO","",IF(BASE_DATOS[[#This Row],[Situación Actual]]="RODANDO",IFERROR(BASE_DATOS[[#This Row],[Kms/ mm]]*(BASE_DATOS[[#This Row],[NSK]]-BASE_DATOS[[#This Row],[NSK Form.]])+BASE_DATOS[[#This Row],[Kilómetros Rodados]],""))) | AR48: =IFERROR(BASE_DATOS[[#This Row],[Precio US$]]/BASE_DATOS[[#This Row],[Kilómetros Proy.]],"") | AS48: Rodando | AY48: =CONCATENATE(BASE_DATOS[[#This Row],[Código_U]]&BASE_DATOS[[#This Row],[Pos.]]&BASE_DATOS[[#This Row],[Situación Actual]]) -> TC-1087Rodando
A49: TC-108 | B49: F8V-758 | C49: Tracto | D49: Tracción | F49: Goodyear | G49: 295/80R22.5 | H49: =IF(BASE_DATOS[[#This Row],[N-R]]="N",BASE_DATOS[[#This Row],[Diseño]],"Reencauche") -> KMAXD | I49: KMAXD | J49: N | K49: 22.2 | L49: 110 | R49: 8 | S49: 45385 | V49: 20 | X49: 20 | Y49: =IFERROR(MIN(V49:X49),"") -> 20 | Z49: st | AA49: =IFERROR(BASE_DATOS[[#This Row],[NSK Original]]-BASE_DATOS[[#This Row],[NSK]]," ") -> 2.2 | AB49: ='NSK-TRACTO'!$A$2 -> 6 | AC49: =IF(BASE_DATOS[[#This Row],[NSK]]>=BASE_DATOS[[#This Row],[NSK Reen]],BASE_DATOS[[#This Row],[NSK Reen]],BASE_DATOS[[#This Row],[NSK]]) -> 6 | AD49: =IFERROR(100%-(BASE_DATOS[[#This Row],[NSK Reen]]/BASE_DATOS[[#This Row],[NSK Original]]),"") -> 0.72972973 | AE49: =IFERROR(100%-BASE_DATOS[[#This Row],[NSK]]/BASE_DATOS[[#This Row],[NSK Original]],"") -> 0.099099099 | AF49: =IFERROR(BASE_DATOS[[#This Row],[% Max Des.]]-BASE_DATOS[[#This Row],[% Des]],"") -> 0.63063063 | AI49: =IF(OR(BASE_DATOS[[#This Row],[Hr.]]="",BASE_DATOS[[#This Row],[Hr. Actual]]=""),"",BASE_DATOS[[#This Row],[Hr. Actual]]-BASE_DATOS[[#This Row],[Hr.]]+BASE_DATOS[[#This Row],[Horas Acumuladas]]) | AJ49: =IFERROR(BASE_DATOS[[#This Row],[Precio US$]]/BASE_DATOS[[#This Row],[Horas Rodadas]],"") | AK49: =IFERROR(BASE_DATOS[[#This Row],[Horas Rodadas]]/(BASE_DATOS[[#This Row],[NSK Original]]-BASE_DATOS[[#This Row],[NSK]]),"") | AL49: =IF(BASE_DATOS[[#This Row],[Situación Actual]]="RETIRADO","",IF(BASE_DATOS[[#This Row],[Situación Actual]]="RODANDO",IFERROR(BASE_DATOS[[#This Row],[Hrs/mm]]*(BASE_DATOS[[#This Row],[NSK]]-BASE_DATOS[[#This Row],[NSK Form.]])+BASE_DATOS[[#This Row],[Horas Rodadas]],""))) | AM49: =IFERROR(BASE_DATOS[[#This Row],[Precio US$]]/BASE_DATOS[[#This Row],[Horas Proy.]],"") | AN49: =IF(OR(BASE_DATOS[[#This Row],[Km.]]="",BASE_DATOS[[#This Row],[Km. Actual]]=""),"",BASE_DATOS[[#This Row],[Km. Actual]]-BASE_DATOS[[#This Row],[Km.]]+BASE_DATOS[[#This Row],[Kilómetros Acumulados]]) | AO49: =IFERROR(BASE_DATOS[[#This Row],[Precio US$]]/BASE_DATOS[[#This Row],[Kilómetros Rodados]],"") | AP49: =IFERROR(BASE_DATOS[[#This Row],[Kilómetros Rodados]]/(BASE_DATOS[[#This Row],[NSK Original]]-BASE_DATOS[[#This Row],[NSK]]),"") | AQ49: =IF(BASE_DATOS[[#This Row],[Situación Actual]]="RETIRADO","",IF(BASE_DATOS[[#This Row],[Situación Actual]]="RODANDO",IFERROR(BASE_DATOS[[#This Row],[Kms/ mm]]*(BASE_DATOS[[#This Row],[NSK]]-BASE_DATOS[[#This Row],[NSK Form.]])+BASE_DATOS[[#This Row],[Kilómetros Rodados]],""))) | AR49: =IFERROR(BASE_DATOS[[#This Row],[Precio US$]]/BASE_DATOS[[#This Row],[Kilómetros Proy.]],"") | AS49: Rodando | AY49: =CONCATENATE(BASE_DATOS[[#This Row],[Código_U]]&BASE_DATOS[[#This Row],[Pos.]]&BASE_DATOS[[#This Row],[Situación Actual]]) -> TC-1088Rodando
A50: TC-108 | B50: F8V-758 | C50: Tracto | D50: Tracción | F50: Goodyear | G50: 295/80R22.5 | H50: =IF(BASE_DATOS[[#This Row],[N-R]]="N",BASE_DATOS[[#This Row],[Diseño]],"Reencauche") -> KMAXD | I50: KMAXD | J50: N | K50: 22.2 | L50: 110 | R50: 9 | S50: 45385 | V50: 20 | X50: 20 | Y50: =IFERROR(MIN(V50:X50),"") -> 20 | Z50: st | AA50: =IFERROR(BASE_DATOS[[#This Row],[NSK Original]]-BASE_DATOS[[#This Row],[NSK]]," ") -> 2.2 | AB50: ='NSK-TRACTO'!$A$2 -> 6 | AC50: =IF(BASE_DATOS[[#This Row],[NSK]]>=BASE_DATOS[[#This Row],[NSK Reen]],BASE_DATOS[[#This Row],[NSK Reen]],BASE_DATOS[[#This Row],[NSK]]) -> 6 | AD50: =IFERROR(100%-(BASE_DATOS[[#This Row],[NSK Reen]]/BASE_DATOS[[#This Row],[NSK Original]]),"") -> 0.72972973 | AE50: =IFERROR(100%-BASE_DATOS[[#This Row],[NSK]]/BASE_DATOS[[#This Row],[NSK Original]],"") -> 0.099099099 | AF50: =IFERROR(BASE_DATOS[[#This Row],[% Max Des.]]-BASE_DATOS[[#This Row],[% Des]],"") -> 0.63063063 | AI50: =IF(OR(BASE_DATOS[[#This Row],[Hr.]]="",BASE_DATOS[[#This Row],[Hr. Actual]]=""),"",BASE_DATOS[[#This Row],[Hr. Actual]]-BASE_DATOS[[#This Row],[Hr.]]+BASE_DATOS[[#This Row],[Horas Acumuladas]]) | AJ50: =IFERROR(BASE_DATOS[[#This Row],[Precio US$]]/BASE_DATOS[[#This Row],[Horas Rodadas]],"") | AK50: =IFERROR(BASE_DATOS[[#This Row],[Horas Rodadas]]/(BASE_DATOS[[#This Row],[NSK Original]]-BASE_DATOS[[#This Row],[NSK]]),"") | AL50: =IF(BASE_DATOS[[#This Row],[Situación Actual]]="RETIRADO","",IF(BASE_DATOS[[#This Row],[Situación Actual]]="RODANDO",IFERROR(BASE_DATOS[[#This Row],[Hrs/mm]]*(BASE_DATOS[[#This Row],[NSK]]-BASE_DATOS[[#This Row],[NSK Form.]])+BASE_DATOS[[#This Row],[Horas Rodadas]],""))) | AM50: =IFERROR(BASE_DATOS[[#This Row],[Precio US$]]/BASE_DATOS[[#This Row],[Horas Proy.]],"") | AN50: =IF(OR(BASE_DATOS[[#This Row],[Km.]]="",BASE_DATOS[[#This Row],[Km. Actual]]=""),"",BASE_DATOS[[#This Row],[Km. Actual]]-BASE_DATOS[[#This Row],[Km.]]+BASE_DATOS[[#This Row],[Kilómetros Acumulados]]) | AO50: =IFERROR(BASE_DATOS[[#This Row],[Precio US$]]/BASE_DATOS[[#This Row],[Kilómetros Rodados]],"") | AP50: =IFERROR(BASE_DATOS[[#This Row],[Kilómetros Rodados]]/(BASE_DATOS[[#This Row],[NSK Original]]-BASE_DATOS[[#This Row],[NSK]]),"") | AQ50: =IF(BASE_DATOS[[#This Row],[Situación Actual]]="RETIRADO","",IF(BASE_DATOS[[#This Row],[Situación Actual]]="RODANDO",IFERROR(BASE_DATOS[[#This Row],[Kms/ mm]]*(BASE_DATOS[[#This Row],[NSK]]-BASE_DATOS[[#This Row],[NSK Form.]])+BASE_DATOS[[#This Row],[Kilómetros Rodados]],""))) | AR50: =IFERROR(BASE_DATOS[[#This Row],[Precio US$]]/BASE_DATOS[[#This Row],[Kilómetros Proy.]],"") | AS50: Rodando | AY50: =CONCATENATE(BASE_DATOS[[#This Row],[Código_U]]&BASE_DATOS[[#This Row],[Pos.]]&BASE_DATOS[[#This Row],[Situación Actual]]) -> TC-1089Rodando
A51: TC-108 | B51: F8V-758 | C51: Tracto | D51: Tracción | F51: Goodyear | G51: 295/80R22.5 | H51: =IF(BASE_DATOS[[#This Row],[N-R]]="N",BASE_DATOS[[#This Row],[Diseño]],"Reencauche") -> KMAXD | I51: KMAXD | J51: N | K51: 22.2 | L51: 110 | R51: 10 | S51: 45385 | V51: 20 | X51: 20 | Y51: =IFERROR(MIN(V51:X51),"") -> 20 | Z51: st | AA51: =IFERROR(BASE_DATOS[[#This Row],[NSK Original]]-BASE_DATOS[[#This Row],[NSK]]," ") -> 2.2 | AB51: ='NSK-TRACTO'!$A$2 -> 6 | AC51: =IF(BASE_DATOS[[#This Row],[NSK]]>=BASE_DATOS[[#This Row],[NSK Reen]],BASE_DATOS[[#This Row],[NSK Reen]],BASE_DATOS[[#This Row],[NSK]]) -> 6 | AD51: =IFERROR(100%-(BASE_DATOS[[#This Row],[NSK Reen]]/BASE_DATOS[[#This Row],[NSK Original]]),"") -> 0.72972973 | AE51: =IFERROR(100%-BASE_DATOS[[#This Row],[NSK]]/BASE_DATOS[[#This Row],[NSK Original]],"") -> 0.099099099 | AF51: =IFERROR(BASE_DATOS[[#This Row],[% Max Des.]]-BASE_DATOS[[#This Row],[% Des]],"") -> 0.63063063 | AI51: =IF(OR(BASE_DATOS[[#This Row],[Hr.]]="",BASE_DATOS[[#This Row],[Hr. Actual]]=""),"",BASE_DATOS[[#This Row],[Hr. Actual]]-BASE_DATOS[[#This Row],[Hr.]]+BASE_DATOS[[#This Row],[Horas Acumuladas]]) | AJ51: =IFERROR(BASE_DATOS[[#This Row],[Precio US$]]/BASE_DATOS[[#This Row],[Horas Rodadas]],"") | AK51: =IFERROR(BASE_DATOS[[#This Row],[Horas Rodadas]]/(BASE_DATOS[[#This Row],[NSK Original]]-BASE_DATOS[[#This Row],[NSK]]),"") | AL51: =IF(BASE_DATOS[[#This Row],[Situación Actual]]="RETIRADO","",IF(BASE_DATOS[[#This Row],[Situación Actual]]="RODANDO",IFERROR(BASE_DATOS[[#This Row],[Hrs/mm]]*(BASE_DATOS[[#This Row],[NSK]]-BASE_DATOS[[#This Row],[NSK Form.]])+BASE_DATOS[[#This Row],[Horas Rodadas]],""))) | AM51: =IFERROR(BASE_DATOS[[#This Row],[Precio US$]]/BASE_DATOS[[#This Row],[Horas Proy.]],"") | AN51: =IF(OR(BASE_DATOS[[#This Row],[Km.]]="",BASE_DATOS[[#This Row],[Km. Actual]]=""),"",BASE_DATOS[[#This Row],[Km. Actual]]-BASE_DATOS[[#This Row],[Km.]]+BASE_DATOS[[#This Row],[Kilómetros Acumulados]]) | AO51: =IFERROR(BASE_DATOS[[#This Row],[Precio US$]]/BASE_DATOS[[#This Row],[Kilómetros Rodados]],"") | AP51: =IFERROR(BASE_DATOS[[#This Row],[Kilómetros Rodados]]/(BASE_DATOS[[#This Row],[NSK Original]]-BASE_DATOS[[#This Row],[NSK]]),"") | AQ51: =IF(BASE_DATOS[[#This Row],[Situación Actual]]="RETIRADO","",IF(BASE_DATOS[[#This Row],[Situación Actual]]="RODANDO",IFERROR(BASE_DATOS[[#This Row],[Kms/ mm]]*(BASE_DATOS[[#This Row],[NSK]]-BASE_DATOS[[#This Row],[NSK Form.]])+BASE_DATOS[[#This Row],[Kilómetros Rodados]],""))) | AR51: =IFERROR(BASE_DATOS[[#This Row],[Precio US$]]/BASE_DATOS[[#This Row],[Kilómetros Proy.]],"") | AS51: Rodando | AY51: =CONCATENATE(BASE_DATOS[[#This Row],[Código_U]]&BASE_DATOS[[#This Row],[Pos.]]&BASE_DATOS[[#This Row],[Situación Actual]]) -> TC-10810Rodando
A52: SR-108 | B52: TOT-996 | C52: Encapsulado | D52: Libre | E52: 108 | F52: Aeolus | G52: 445/65R22.5 | H52: =IF(BASE_DATOS[[#This Row],[N-R]]="N",BASE_DATOS[[#This Row],[Diseño]],"Reencauche") -> AGC28 | I52: AGC28 | J52: N | K52: 16.5 | L52: 110 | R52: 1 | S52: 45385 | V52: 16 | W52: 16 | X52: 16 | Y52: =IFERROR(MIN(V52:X52),"") -> 16 | Z52: st | AA52: =IFERROR(BASE_DATOS[[#This Row],[NSK Original]]-BASE_DATOS[[#This Row],[NSK]]," ") -> 0.5 | AB52: ='NSK-TRACTO'!$A$2 -> 6 | AC52: =IF(BASE_DATOS[[#This Row],[NSK]]>=BASE_DATOS[[#This Row],[NSK Reen]],BASE_DATOS[[#This Row],[NSK Reen]],BASE_DATOS[[#This Row],[NSK]]) -> 6 | AD52: =IFERROR(100%-(BASE_DATOS[[#This Row],[NSK Reen]]/BASE_DATOS[[#This Row],[NSK Original]]),"") -> 0.63636364 | AE52: =IFERROR(100%-BASE_DATOS[[#This Row],[NSK]]/BASE_DATOS[[#This Row],[NSK Original]],"") -> 0.03030303 | AF52: =IFERROR(BASE_DATOS[[#This Row],[% Max Des.]]-BASE_DATOS[[#This Row],[% Des]],"") -> 0.60606061 | AI52: =IF(OR(BASE_DATOS[[#This Row],[Hr.]]="",BASE_DATOS[[#This Row],[Hr. Actual]]=""),"",BASE_DATOS[[#This Row],[Hr. Actual]]-BASE_DATOS[[#This Row],[Hr.]]+BASE_DATOS[[#This Row],[Horas Acumuladas]]) | AJ52: =IFERROR(BASE_DATOS[[#This Row],[Precio US$]]/BASE_DATOS[[#This Row],[Horas Rodadas]],"") | AK52: =IFERROR(BASE_DATOS[[#This Row],[Horas Rodadas]]/(BASE_DATOS[[#This Row],[NSK Original]]-BASE_DATOS[[#This Row],[NSK]]),"") | AL52: =IF(BASE_DATOS[[#This Row],[Situación Actual]]="RETIRADO","",IF(BASE_DATOS[[#This Row],[Situación Actual]]="RODANDO",IFERROR(BASE_DATOS[[#This Row],[Hrs/mm]]*(BASE_DATOS[[#This Row],[NSK]]-BASE_DATOS[[#This Row],[NSK Form.]])+BASE_DATOS[[#This Row],[Horas Rodadas]],""))) | AM52: =IFERROR(BASE_DATOS[[#This Row],[Precio US$]]/BASE_DATOS[[#This Row],[Horas Proy.]],"") | AN52: =IF(OR(BASE_DATOS[[#This Row],[Km.]]="",BASE_DATOS[[#This Row],[Km. Actual]]=""),"",BASE_DATOS[[#This Row],[Km. Actual]]-BASE_DATOS[[#This Row],[Km.]]+BASE_DATOS[[#This Row],[Kilómetros Acumulados]]) | AO52: =IFERROR(BASE_DATOS[[#This Row],[Precio US$]]/BASE_DATOS[[#This Row],[Kilómetros Rodados]],"") | AP52: =IFERROR(BASE_DATOS[[#This Row],[Kilómetros Rodados]]/(BASE_DATOS[[#This Row],[NSK Original]]-BASE_DATOS[[#This Row],[NSK]]),"") | AQ52: =IF(BASE_DATOS[[#This Row],[Situación Actual]]="RETIRADO","",IF(BASE_DATOS[[#This Row],[Situación Actual]]="RODANDO",IFERROR(BASE_DATOS[[#This Row],[Kms/ mm]]*(BASE_DATOS[[#This Row],[NSK]]-BASE_DATOS[[#This Row],[NSK Form.]])+BASE_DATOS[[#This Row],[Kilómetros Rodados]],""))) | AR52: =IFERROR(BASE_DATOS[[#This Row],[Precio US$]]/BASE_DATOS[[#This Row],[Kilómetros Proy.]],"") | AS52: Rodando | AY52: =CONCATENATE(BASE_DATOS[[#This Row],[Código_U]]&BASE_DATOS[[#This Row],[Pos.]]&BASE_DATOS[[#This Row],[Situación Actual]]) -> SR-1081Rodando
A53: SR-108 | B53: TOT-996 | C53: Encapsulado | D53: Libre | E53: 108 | F53: Aeolus | G53: 445/65R22.5 | H53: =IF(BASE_DATOS[[#This Row],[N-R]]="N",BASE_DATOS[[#This Row],[Diseño]],"Reencauche") -> AGC28 | I53: AGC28 | J53: N | K53: 16.5 | L53: 110 | R53: 2 | S53: 45385 | V53: 15 | W53: 15 | X53: 15 | Y53: =IFERROR(MIN(V53:X53),"") -> 15 | Z53: st | AA53: =IFERROR(BASE_DATOS[[#This Row],[NSK Original]]-BASE_DATOS[[#This Row],[NSK]]," ") -> 1.5 | AB53: ='NSK-TRACTO'!$A$2 -> 6 | AC53: =IF(BASE_DATOS[[#This Row],[NSK]]>=BASE_DATOS[[#This Row],[NSK Reen]],BASE_DATOS[[#This Row],[NSK Reen]],BASE_DATOS[[#This Row],[NSK]]) -> 6 | AD53: =IFERROR(100%-(BASE_DATOS[[#This Row],[NSK Reen]]/BASE_DATOS[[#This Row],[NSK Original]]),"") -> 0.63636364 | AE53: =IFERROR(100%-BASE_DATOS[[#This Row],[NSK]]/BASE_DATOS[[#This Row],[NSK Original]],"") -> 0.090909091 | AF53: =IFERROR(BASE_DATOS[[#This Row],[% Max Des.]]-BASE_DATOS[[#This Row],[% Des]],"") -> 0.54545455 | AI53: =IF(OR(BASE_DATOS[[#This Row],[Hr.]]="",BASE_DATOS[[#This Row],[Hr. Actual]]=""),"",BASE_DATOS[[#This Row],[Hr. Actual]]-BASE_DATOS[[#This Row],[Hr.]]+BASE_DATOS[[#This Row],[Horas Acumuladas]]) | AJ53: =IFERROR(BASE_DATOS[[#This Row],[Precio US$]]/BASE_DATOS[[#This Row],[Horas Rodadas]],"") | AK53: =IFERROR(BASE_DATOS[[#This Row],[Horas Rodadas]]/(BASE_DATOS[[#This Row],[NSK Original]]-BASE_DATOS[[#This Row],[NSK]]),"") | AL53: =IF(BASE_DATOS[[#This Row],[Situación Actual]]="RETIRADO","",IF(BASE_DATOS[[#This Row],[Situación Actual]]="RODANDO",IFERROR(BASE_DATOS[[#This Row],[Hrs/mm]]*(BASE_DATOS[[#This Row],[NSK]]-BASE_DATOS[[#This Row],[NSK Form.]])+BASE_DATOS[[#This Row],[Horas Rodadas]],""))) | AM53: =IFERROR(BASE_DATOS[[#This Row],[Precio US$]]/BASE_DATOS[[#This Row],[Horas Proy.]],"") | AN53: =IF(OR(BASE_DATOS[[#This Row],[Km.]]="",BASE_DATOS[[#This Row],[Km. Actual]]=""),"",BASE_DATOS[[#This Row],[Km. Actual]]-BASE_DATOS[[#This Row],[Km.]]+BASE_DATOS[[#This Row],[Kilómetros Acumulados]]) | AO53: =IFERROR(BASE_DATOS[[#This Row],[Precio US$]]/BASE_DATOS[[#This Row],[Kilómetros Rodados]],"") | AP53: =IFERROR(BASE_DATOS[[#This Row],[Kilómetros Rodados]]/(BASE_DATOS[[#This Row],[NSK Original]]-BASE_DATOS[[#This Row],[NSK]]),"") | AQ53: =IF(BASE_DATOS[[#This Row],[Situación Actual]]="RETIRADO","",IF(BASE_DATOS[[#This Row],[Situación Actual]]="RODANDO",IFERROR(BASE_DATOS[[#This Row],[Kms/ mm]]*(BASE_DATOS[[#This Row],[NSK]]-BASE_DATOS[[#This Row],[NSK Form.]])+BASE_DATOS[[#This Row],[Kilómetros Rodados]],""))) | AR53: =IFERROR(BASE_DATOS[[#This Row],[Precio US$]]/BASE_DATOS[[#This Row],[Kilómetros Proy.]],"") | AS53: Rodando | AY53: =CONCATENATE(BASE_DATOS[[#This Row],[Código_U]]&BASE_DATOS[[#This Row],[Pos.]]&BASE_DATOS[[#This Row],[Situación Actual]]) -> SR-1082Rodando
A54: SR-108 | B54: TOT-996 | C54: Encapsulado | D54: Libre | F54: Aeolus | G54: 445/65R22.5 | H54: =IF(BASE_DATOS[[#This Row],[N-R]]="N",BASE_DATOS[[#This Row],[Diseño]],"Reencauche") -> AGC28 | I54: AGC28 | J54: N | K54: 16.5 | L54: 110 | R54: 3 | S54: 45385 | V54: 10 | W54: 9 | X54: 9 | Y54: =IFERROR(MIN(V54:X54),"") -> 9 | Z54: st | AA54: =IFERROR(BASE_DATOS[[#This Row],[NSK Original]]-BASE_DATOS[[#This Row],[NSK]]," ") -> 7.5 | AB54: ='NSK-TRACTO'!$A$2 -> 6 | AC54: =IF(BASE_DATOS[[#This Row],[NSK]]>=BASE_DATOS[[#This Row],[NSK Reen]],BASE_DATOS[[#This Row],[NSK Reen]],BASE_DATOS[[#This Row],[NSK]]) -> 6 | AD54: =IFERROR(100%-(BASE_DATOS[[#This Row],[NSK Reen]]/BASE_DATOS[[#This Row],[NSK Original]]),"") -> 0.63636364 | AE54: =IFERROR(100%-BASE_DATOS[[#This Row],[NSK]]/BASE_DATOS[[#This Row],[NSK Original]],"") -> 0.45454545 | AF54: =IFERROR(BASE_DATOS[[#This Row],[% Max Des.]]-BASE_DATOS[[#This Row],[% Des]],"") -> 0.18181818 | AI54: =IF(OR(BASE_DATOS[[#This Row],[Hr.]]="",BASE_DATOS[[#This Row],[Hr. Actual]]=""),"",BASE_DATOS[[#This Row],[Hr. Actual]]-BASE_DATOS[[#This Row],[Hr.]]+BASE_DATOS[[#This Row],[Horas Acumuladas]]) | AJ54: =IFERROR(BASE_DATOS[[#This Row],[Precio US$]]/BASE_DATOS[[#This Row],[Horas Rodadas]],"") | AK54: =IFERROR(BASE_DATOS[[#This Row],[Horas Rodadas]]/(BASE_DATOS[[#This Row],[NSK Original]]-BASE_DATOS[[#This Row],[NSK]]),"") | AL54: =IF(BASE_DATOS[[#This Row],[Situación Actual]]="RETIRADO","",IF(BASE_DATOS[[#This Row],[Situación Actual]]="RODANDO",IFERROR(BASE_DATOS[[#This Row],[Hrs/mm]]*(BASE_DATOS[[#This Row],[NSK]]-BASE_DATOS[[#This Row],[NSK Form.]])+BASE_DATOS[[#This Row],[Horas Rodadas]],""))) | AM54: =IFERROR(BASE_DATOS[[#This Row],[Precio US$]]/BASE_DATOS[[#This Row],[Horas Proy.]],"") | AN54: =IF(OR(BASE_DATOS[[#This Row],[Km.]]="",BASE_DATOS[[#This Row],[Km. Actual]]=""),"",BASE_DATOS[[#This Row],[Km. Actual]]-BASE_DATOS[[#This Row],[Km.]]+BASE_DATOS[[#This Row],[Kilómetros Acumulados]]) | AO54: =IFERROR(BASE_DATOS[[#This Row],[Precio US$]]/BASE_DATOS[[#This Row],[Kilómetros Rodados]],"") | AP54: =IFERROR(BASE_DATOS[[#This Row],[Kilómetros Rodados]]/(BASE_DATOS[[#This Row],[NSK Original]]-BASE_DATOS[[#This Row],[NSK]]),"") | AQ54: =IF(BASE_DATOS[[#This Row],[Situación Actual]]="RETIRADO","",IF(BASE_DATOS[[#This Row],[Situación Actual]]="RODANDO",IFERROR(BASE_DATOS[[#This Row],[Kms/ mm]]*(BASE_DATOS[[#This Row],[NSK]]-BASE_DATOS[[#This Row],[NSK Form.]])+BASE_DATOS[[#This Row],[Kilómetros Rodados]],""))) | AR54: =IFERROR(BASE_DATOS[[#This Row],[Precio US$]]/BASE_DATOS[[#This Row],[Kilómetros Proy.]],"") | AS54: Rodando | AY54: =CONCATENATE(BASE_DATOS[[#This Row],[Código_U]]&BASE_DATOS[[#This Row],[Pos.]]&BASE_DATOS[[#This Row],[Situación Actual]]) -> SR-1083Rodando
A55: SR-108 | B55: TOT-996 | C55: Encapsulado | D55: Libre | F55: Aeolus | G55: 445/65R22.5 | H55: =IF(BASE_DATOS[[#This Row],[N-R]]="N",BASE_DATOS[[#This Row],[Diseño]],"Reencauche") -> AGC28 | I55: AGC28 | J55: N | K55: 16.5 | L55: 110 | R55: 4 | S55: 45385 | V55: 7 | W55: 7 | X55: 7 | Y55: =IFERROR(MIN(V55:X55),"") -> 7 | Z55: st | AA55: =IFERROR(BASE_DATOS[[#This Row],[NSK Original]]-BASE_DATOS[[#This Row],[NSK]]," ") -> 9.5 | AB55: ='NSK-TRACTO'!$A$2 -> 6 | AC55: =IF(BASE_DATOS[[#This Row],[NSK]]>=BASE_DATOS[[#This Row],[NSK Reen]],BASE_DATOS[[#This Row],[NSK Reen]],BASE_DATOS[[#This Row],[NSK]]) -> 6 | AD55: =IFERROR(100%-(BASE_DATOS[[#This Row],[NSK Reen]]/BASE_DATOS[[#This Row],[NSK Original]]),"") -> 0.63636364 | AE55: =IFERROR(100%-BASE_DATOS[[#This Row],[NSK]]/BASE_DATOS[[#This Row],[NSK Original]],"") -> 0.57575758 | AF55: =IFERROR(BASE_DATOS[[#This Row],[% Max Des.]]-BASE_DATOS[[#This Row],[% Des]],"") -> 0.060606061 | AI55: =IF(OR(BASE_DATOS[[#This Row],[Hr.]]="",BASE_DATOS[[#This Row],[Hr. Actual]]=""),"",BASE_DATOS[[#This Row],[Hr. Actual]]-BASE_DATOS[[#This Row],[Hr.]]+BASE_DATOS[[#This Row],[Horas Acumuladas]]) | AJ55: =IFERROR(BASE_DATOS[[#This Row],[Precio US$]]/BASE_DATOS[[#This Row],[Horas Rodadas]],"") | AK55: =IFERROR(BASE_DATOS[[#This Row],[Horas Rodadas]]/(BASE_DATOS[[#This Row],[NSK Original]]-BASE_DATOS[[#This Row],[NSK]]),"") | AL55: =IF(BASE_DATOS[[#This Row],[Situación Actual]]="RETIRADO","",IF(BASE_DATOS[[#This Row],[Situación Actual]]="RODANDO",IFERROR(BASE_DATOS[[#This Row],[Hrs/mm]]*(BASE_DATOS[[#This Row],[NSK]]-BASE_DATOS[[#This Row],[NSK Form.]])+BASE_DATOS[[#This Row],[Horas Rodadas]],""))) | AM55: =IFERROR(BASE_DATOS[[#This Row],[Precio US$]]/BASE_DATOS[[#This Row],[Horas Proy.]],"") | AN55: =IF(OR(BASE_DATOS[[#This Row],[Km.]]="",BASE_DATOS[[#This Row],[Km. Actual]]=""),"",BASE_DATOS[[#This Row],[Km. Actual]]-BASE_DATOS[[#This Row],[Km.]]+BASE_DATOS[[#This Row],[Kilómetros Acumulados]]) | AO55: =IFERROR(BASE_DATOS[[#This Row],[Precio US$]]/BASE_DATOS[[#This Row],[Kilómetros Rodados]],"") | AP55: =IFERROR(BASE_DATOS[[#This Row],[Kilómetros Rodados]]/(BASE_DATOS[[#This Row],[NSK Original]]-BASE_DATOS[[#This Row],[NSK]]),"") | AQ55: =IF(BASE_DATOS[[#This Row],[Situación Actual]]="RETIRADO","",IF(BASE_DATOS[[#This Row],[Situación Actual]]="RODANDO",IFERROR(BASE_DATOS[[#This Row],[Kms/ mm]]*(BASE_DATOS[[#This Row],[NSK]]-BASE_DATOS[[#This Row],[NSK Form.]])+BASE_DATOS[[#This Row],[Kilómetros Rodados]],""))) | AR55: =IFERROR(BASE_DATOS[[#This Row],[Precio US$]]/BASE_DATOS[[#This Row],[Kilómetros Proy.]],"") | AS55: Rodando | AY55: =CONCATENATE(BASE_DATOS[[#This Row],[Código_U]]&BASE_DATOS[[#This Row],[Pos.]]&BASE_DATOS[[#This Row],[Situación Actual]]) -> SR-1084Rodando
A56: SR-108 | B56: TOT-996 | C56: Encapsulado | D56: Libre | E56: 1085 | F56: Aeolus | G56: 445/65R22.5 | H56: =IF(BASE_DATOS[[#This Row],[N-R]]="N",BASE_DATOS[[#This Row],[Diseño]],"Reencauche") -> AGC28 | I56: AGC28 | J56: N | K56: 16.5 | L56: 110 | R56: 5 | S56: 45385 | V56: 13 | W56: 13 | X56: 13 | Y56: =IFERROR(MIN(V56:X56),"") -> 13 | Z56: st | AA56: =IFERROR(BASE_DATOS[[#This Row],[NSK Original]]-BASE_DATOS[[#This Row],[NSK]]," ") -> 3.5 | AB56: ='NSK-TRACTO'!$A$2 -> 6 | AC56: =IF(BASE_DATOS[[#This Row],[NSK]]>=BASE_DATOS[[#This Row],[NSK Reen]],BASE_DATOS[[#This Row],[NSK Reen]],BASE_DATOS[[#This Row],[NSK]]) -> 6 | AD56: =IFERROR(100%-(BASE_DATOS[[#This Row],[NSK Reen]]/BASE_DATOS[[#This Row],[NSK Original]]),"") -> 0.63636364 | AE56: =IFERROR(100%-BASE_DATOS[[#This Row],[NSK]]/BASE_DATOS[[#This Row],[NSK Original]],"") -> 0.21212121 | AF56: =IFERROR(BASE_DATOS[[#This Row],[% Max Des.]]-BASE_DATOS[[#This Row],[% Des]],"") -> 0.42424242 | AI56: =IF(OR(BASE_DATOS[[#This Row],[Hr.]]="",BASE_DATOS[[#This Row],[Hr. Actual]]=""),"",BASE_DATOS[[#This Row],[Hr. Actual]]-BASE_DATOS[[#This Row],[Hr.]]+BASE_DATOS[[#This Row],[Horas Acumuladas]]) | AJ56: =IFERROR(BASE_DATOS[[#This Row],[Precio US$]]/BASE_DATOS[[#This Row],[Horas Rodadas]],"") | AK56: =IFERROR(BASE_DATOS[[#This Row],[Horas Rodadas]]/(BASE_DATOS[[#This Row],[NSK Original]]-BASE_DATOS[[#This Row],[NSK]]),"") | AL56: =IF(BASE_DATOS[[#This Row],[Situación Actual]]="RETIRADO","",IF(BASE_DATOS[[#This Row],[Situación Actual]]="RODANDO",IFERROR(BASE_DATOS[[#This Row],[Hrs/mm]]*(BASE_DATOS[[#This Row],[NSK]]-BASE_DATOS[[#This Row],[NSK Form.]])+BASE_DATOS[[#This Row],[Horas Rodadas]],""))) | AM56: =IFERROR(BASE_DATOS[[#This Row],[Precio US$]]/BASE_DATOS[[#This Row],[Horas Proy.]],"") | AN56: =IF(OR(BASE_DATOS[[#This Row],[Km.]]="",BASE_DATOS[[#This Row],[Km. Actual]]=""),"",BASE_DATOS[[#This Row],[Km. Actual]]-BASE_DATOS[[#This Row],[Km.]]+BASE_DATOS[[#This Row],[Kilómetros Acumulados]]) | AO56: =IFERROR(BASE_DATOS[[#This Row],[Precio US$]]/BASE_DATOS[[#This Row],[Kilómetros Rodados]],"") | AP56: =IFERROR(BASE_DATOS[[#This Row],[Kilómetros Rodados]]/(BASE_DATOS[[#This Row],[NSK Original]]-BASE_DATOS[[#This Row],[NSK]]),"") | AQ56: =IF(BASE_DATOS[[#This Row],[Situación Actual]]="RETIRADO","",IF(BASE_DATOS[[#This Row],[Situación Actual]]="RODANDO",IFERROR(BASE_DATOS[[#This Row],[Kms/ mm]]*(BASE_DATOS[[#This Row],[NSK]]-BASE_DATOS[[#This Row],[NSK Form.]])+BASE_DATOS[[#This Row],[Kilómetros Rodados]],""))) | AR56: =IFERROR(BASE_DATOS[[#This Row],[Precio US$]]/BASE_DATOS[[#This Row],[Kilómetros Proy.]],"") | AS56: Rodando | AY56: =CONCATENATE(BASE_DATOS[[#This Row],[Código_U]]&BASE_DATOS[[#This Row],[Pos.]]&BASE_DATOS[[#This Row],[Situación Actual]]) -> SR-1085Rodando
A57: SR-108 | B57: TOT-996 | C57: Encapsulado | D57: Libre | E57: 1086 | F57: Aeolus | G57: 445/65R22.5 | H57: =IF(BASE_DATOS[[#This Row],[N-R]]="N",BASE_DATOS[[#This Row],[Diseño]],"Reencauche") -> AGC28 | I57: AGC28 | J57: N | K57: 16.5 | L57: 110 | R57: 6 | S57: 45385 | V57: 13 | W57: 13 | X57: 13 | Y57: =IFERROR(MIN(V57:X57),"") -> 13 | Z57: st | AA57: =IFERROR(BASE_DATOS[[#This Row],[NSK Original]]-BASE_DATOS[[#This Row],[NSK]]," ") -> 3.5 | AB57: ='NSK-TRACTO'!$A$2 -> 6 | AC57: =IF(BASE_DATOS[[#This Row],[NSK]]>=BASE_DATOS[[#This Row],[NSK Reen]],BASE_DATOS[[#This Row],[NSK Reen]],BASE_DATOS[[#This Row],[NSK]]) -> 6 | AD57: =IFERROR(100%-(BASE_DATOS[[#This Row],[NSK Reen]]/BASE_DATOS[[#This Row],[NSK Original]]),"") -> 0.63636364 | AE57: =IFERROR(100%-BASE_DATOS[[#This Row],[NSK]]/BASE_DATOS[[#This Row],[NSK Original]],"") -> 0.21212121 | AF57: =IFERROR(BASE_DATOS[[#This Row],[% Max Des.]]-BASE_DATOS[[#This Row],[% Des]],"") -> 0.42424242 | AI57: =IF(OR(BASE_DATOS[[#This Row],[Hr.]]="",BASE_DATOS[[#This Row],[Hr. Actual]]=""),"",BASE_DATOS[[#This Row],[Hr. Actual]]-BASE_DATOS[[#This Row],[Hr.]]+BASE_DATOS[[#This Row],[Horas Acumuladas]]) | AJ57: =IFERROR(BASE_DATOS[[#This Row],[Precio US$]]/BASE_DATOS[[#This Row],[Horas Rodadas]],"") | AK57: =IFERROR(BASE_DATOS[[#This Row],[Horas Rodadas]]/(BASE_DATOS[[#This Row],[NSK Original]]-BASE_DATOS[[#This Row],[NSK]]),"") | AL57: =IF(BASE_DATOS[[#This Row],[Situación Actual]]="RETIRADO","",IF(BASE_DATOS[[#This Row],[Situación Actual]]="RODANDO",IFERROR(BASE_DATOS[[#This Row],[Hrs/mm]]*(BASE_DATOS[[#This Row],[NSK]]-BASE_DATOS[[#This Row],[NSK Form.]])+BASE_DATOS[[#This Row],[Horas Rodadas]],""))) | AM57: =IFERROR(BASE_DATOS[[#This Row],[Precio US$]]/BASE_DATOS[[#This Row],[Horas Proy.]],"") | AN57: =IF(OR(BASE_DATOS[[#This Row],[Km.]]="",BASE_DATOS[[#This Row],[Km. Actual]]=""),"",BASE_DATOS[[#This Row],[Km. Actual]]-BASE_DATOS[[#This Row],[Km.]]+BASE_DATOS[[#This Row],[Kilómetros Acumulados]]) | AO57: =IFERROR(BASE_DATOS[[#This Row],[Precio US$]]/BASE_DATOS[[#This Row],[Kilómetros Rodados]],"") | AP57: =IFERROR(BASE_DATOS[[#This Row],[Kilómetros Rodados]]/(BASE_DATOS[[#This Row],[NSK Original]]-BASE_DATOS[[#This Row],[NSK]]),"") | AQ57: =IF(BASE_DATOS[[#This Row],[Situación Actual]]="RETIRADO","",IF(BASE_DATOS[[#This Row],[Situación Actual]]="RODANDO",IFERROR(BASE_DATOS[[#This Row],[Kms/ mm]]*(BASE_DATOS[[#This Row],[NSK]]-BASE_DATOS[[#This Row],[NSK Form.]])+BASE_DATOS[[#This Row],[Kilómetros Rodados]],""))) | AR57: =IFERROR(BASE_DATOS[[#This Row],[Precio US$]]/BASE_DATOS[[#This Row],[Kilómetros Proy.]],"") | AS57: Rodando | AY57: =CONCATENATE(BASE_DATOS[[#This Row],[Código_U]]&BASE_DATOS[[#This Row],[Pos.]]&BASE_DATOS[[#This Row],[Situación Actual]]) -> SR-1086Rodando
A58: SR-108 | B58: TOT-996 | C58: Encapsulado | D58: RC | E58: 032008200042 | F58: Goodyear | G58: 445/65R22.5 | H58: =IF(BASE_DATOS[[#This Row],[N-R]]="N",BASE_DATOS[[#This Row],[Diseño]],"Reencauche") -> OMNITRAC MST2 | I58: OMNITRAC MST2 | J58: N | K58: 15.6 | L58: 110 | R58: RE | S58: 45385 | V58: 7 | W58: 6 | X58: 7 | Y58: =IFERROR(MIN(V58:X58),"") -> 6 | Z58: st | AA58: =IFERROR(BASE_DATOS[[#This Row],[NSK Original]]-BASE_DATOS[[#This Row],[NSK]]," ") -> 9.6 | AB58: ='NSK-TRACTO'!$A$2 -> 6 | AC58: =IF(BASE_DATOS[[#This Row],[NSK]]>=BASE_DATOS[[#This Row],[NSK Reen]],BASE_DATOS[[#This Row],[NSK Reen]],BASE_DATOS[[#This Row],[NSK]]) -> 6 | AD58: =IFERROR(100%-(BASE_DATOS[[#This Row],[NSK Reen]]/BASE_DATOS[[#This Row],[NSK Original]]),"") -> 0.61538462 | AE58: =IFERROR(100%-BASE_DATOS[[#This Row],[NSK]]/BASE_DATOS[[#This Row],[NSK Original]],"") -> 0.61538462 | AF58: =IFERROR(BASE_DATOS[[#This Row],[% Max Des.]]-BASE_DATOS[[#This Row],[% Des]],"") -> 0 | AI58: =IF(OR(BASE_DATOS[[#This Row],[Hr.]]="",BASE_DATOS[[#This Row],[Hr. Actual]]=""),"",BASE_DATOS[[#This Row],[Hr. Actual]]-BASE_DATOS[[#This Row],[Hr.]]+BASE_DATOS[[#This Row],[Horas Acumuladas]]) | AJ58: =IFERROR(BASE_DATOS[[#This Row],[Precio US$]]/BASE_DATOS[[#This Row],[Horas Rodadas]],"") | AK58: =IFERROR(BASE_DATOS[[#This Row],[Horas Rodadas]]/(BASE_DATOS[[#This Row],[NSK Original]]-BASE_DATOS[[#This Row],[NSK]]),"") | AL58: =IF(BASE_DATOS[[#This Row],[Situación Actual]]="RETIRADO","",IF(BASE_DATOS[[#This Row],[Situación Actual]]="RODANDO",IFERROR(BASE_DATOS[[#This Row],[Hrs/mm]]*(BASE_DATOS[[#This Row],[NSK]]-BASE_DATOS[[#This Row],[NSK Form.]])+BASE_DATOS[[#This Row],[Horas Rodadas]],""))) | AM58: =IFERROR(BASE_DATOS[[#This Row],[Precio US$]]/BASE_DATOS[[#This Row],[Horas Proy.]],"") | AN58: =IF(OR(BASE_DATOS[[#This Row],[Km.]]="",BASE_DATOS[[#This Row],[Km. Actual]]=""),"",BASE_DATOS[[#This Row],[Km. Actual]]-BASE_DATOS[[#This Row],[Km.]]+BASE_DATOS[[#This Row],[Kilómetros Acumulados]]) | AO58: =IFERROR(BASE_DATOS[[#This Row],[Precio US$]]/BASE_DATOS[[#This Row],[Kilómetros Rodados]],"") | AP58: =IFERROR(BASE_DATOS[[#This Row],[Kilómetros Rodados]]/(BASE_DATOS[[#This Row],[NSK Original]]-BASE_DATOS[[#This Row],[NSK]]),"") | AQ58: =IF(BASE_DATOS[[#This Row],[Situación Actual]]="RETIRADO","",IF(BASE_DATOS[[#This Row],[Situación Actual]]="RODANDO",IFERROR(BASE_DATOS[[#This Row],[Kms/ mm]]*(BASE_DATOS[[#This Row],[NSK]]-BASE_DATOS[[#This Row],[NSK Form.]])+BASE_DATOS[[#This Row],[Kilómetros Rodados]],""))) | AR58: =IFERROR(BASE_DATOS[[#This Row],[Precio US$]]/BASE_DATOS[[#This Row],[Kilómetros Proy.]],"") | AS58: Rodando | AY58: =CONCATENATE(BASE_DATOS[[#This Row],[Código_U]]&BASE_DATOS[[#This Row],[Pos.]]&BASE_DATOS[[#This Row],[Situación Actual]]) -> SR-108RERodando
A59: SR-108 | B59: TOT-996 | C59: Encapsulado | D59: RT | F59: Michelin | G59: 295/80R22.5 | H59: =IF(BASE_DATOS[[#This Row],[N-R]]="N",BASE_DATOS[[#This Row],[Diseño]],"Reencauche") -> Reencauche | I59: MDE | J59: 1R | K59: 22 | L59: 110 | R59: RT | S59: 45385 | V59: 7 | X59: 7 | Y59: =IFERROR(MIN(V59:X59),"") -> 7 | Z59: st | AA59: =IFERROR(BASE_DATOS[[#This Row],[NSK Original]]-BASE_DATOS[[#This Row],[NSK]]," ") -> 15 | AB59: ='NSK-TRACTO'!$A$2 -> 6 | AC59: =IF(BASE_DATOS[[#This Row],[NSK]]>=BASE_DATOS[[#This Row],[NSK Reen]],BASE_DATOS[[#This Row],[NSK Reen]],BASE_DATOS[[#This Row],[NSK]]) -> 6 | AD59: =IFERROR(100%-(BASE_DATOS[[#This Row],[NSK Reen]]/BASE_DATOS[[#This Row],[NSK Original]]),"") -> 0.72727273 | AE59: =IFERROR(100%-BASE_DATOS[[#This Row],[NSK]]/BASE_DATOS[[#This Row],[NSK Original]],"") -> 0.68181818 | AF59: =IFERROR(BASE_DATOS[[#This Row],[% Max Des.]]-BASE_DATOS[[#This Row],[% Des]],"") -> 0.045454545 | AI59: =IF(OR(BASE_DATOS[[#This Row],[Hr.]]="",BASE_DATOS[[#This Row],[Hr. Actual]]=""),"",BASE_DATOS[[#This Row],[Hr. Actual]]-BASE_DATOS[[#This Row],[Hr.]]+BASE_DATOS[[#This Row],[Horas Acumuladas]]) | AJ59: =IFERROR(BASE_DATOS[[#This Row],[Precio US$]]/BASE_DATOS[[#This Row],[Horas Rodadas]],"") | AK59: =IFERROR(BASE_DATOS[[#This Row],[Horas Rodadas]]/(BASE_DATOS[[#This Row],[NSK Original]]-BASE_DATOS[[#This Row],[NSK]]),"") | AL59: =IF(BASE_DATOS[[#This Row],[Situación Actual]]="RETIRADO","",IF(BASE_DATOS[[#This Row],[Situación Actual]]="RODANDO",IFERROR(BASE_DATOS[[#This Row],[Hrs/mm]]*(BASE_DATOS[[#This Row],[NSK]]-BASE_DATOS[[#This Row],[NSK Form.]])+BASE_DATOS[[#This Row],[Horas Rodadas]],""))) | AM59: =IFERROR(BASE_DATOS[[#This Row],[Precio US$]]/BASE_DATOS[[#This Row],[Horas Proy.]],"") | AN59: =IF(OR(BASE_DATOS[[#This Row],[Km.]]="",BASE_DATOS[[#This Row],[Km. Actual]]=""),"",BASE_DATOS[[#This Row],[Km. Actual]]-BASE_DATOS[[#This Row],[Km.]]+BASE_DATOS[[#This Row],[Kilómetros Acumulados]]) | AO59: =IFERROR(BASE_DATOS[[#This Row],[Precio US$]]/BASE_DATOS[[#This Row],[Kilómetros Rodados]],"") | AP59: =IFERROR(BASE_DATOS[[#This Row],[Kilómetros Rodados]]/(BASE_DATOS[[#This Row],[NSK Original]]-BASE_DATOS[[#This Row],[NSK]]),"") | AQ59: =IF(BASE_DATOS[[#This Row],[Situación Actual]]="RETIRADO","",IF(BASE_DATOS[[#This Row],[Situación Actual]]="RODANDO",IFERROR(BASE_DATOS[[#This Row],[Kms/ mm]]*(BASE_DATOS[[#This Row],[NSK]]-BASE_DATOS[[#This Row],[NSK Form.]])+BASE_DATOS[[#This Row],[Kilómetros Rodados]],""))) | AR59: =IFERROR(BASE_DATOS[[#This Row],[Precio US$]]/BASE_DATOS[[#This Row],[Kilómetros Proy.]],"") | AS59: Rodando | AT59: x | AW59: Dispersión de cordones costado | AY59: =CONCATENATE(BASE_DATOS[[#This Row],[Código_U]]&BASE_DATOS[[#This Row],[Pos.]]&BASE_DATOS[[#This Row],[Situación Actual]]) -> SR-108RTRodando
A60: TC-110 | B60: F8U-799 | C60: Tracto | D60: Direccional | E60: 110 1 | F60: Goodyear | G60: 295/80R22.5 | H60: =IF(BASE_DATOS[[#This Row],[N-R]]="N",BASE_DATOS[[#This Row],[Diseño]],"Reencauche") -> KMAX S | I60: KMAX S | J60: N | K60: 15.8 | L60: 100 | R60: 1 | S60: 45384 | V60: 11 | W60: 13 | X60: 12 | Y60: =IFERROR(MIN(V60:X60),"") -> 11 | Z60: st | AA60: =IFERROR(BASE_DATOS[[#This Row],[NSK Original]]-BASE_DATOS[[#This Row],[NSK]]," ") -> 4.8 | AB60: ='NSK-TRACTO'!$A$2 -> 6 | AC60: =IF(BASE_DATOS[[#This Row],[NSK]]>=BASE_DATOS[[#This Row],[NSK Reen]],BASE_DATOS[[#This Row],[NSK Reen]],BASE_DATOS[[#This Row],[NSK]]) -> 6 | AD60: =IFERROR(100%-(BASE_DATOS[[#This Row],[NSK Reen]]/BASE_DATOS[[#This Row],[NSK Original]]),"") -> 0.62025316 | AE60: =IFERROR(100%-BASE_DATOS[[#This Row],[NSK]]/BASE_DATOS[[#This Row],[NSK Original]],"") -> 0.30379747 | AF60: =IFERROR(BASE_DATOS[[#This Row],[% Max Des.]]-BASE_DATOS[[#This Row],[% Des]],"") -> 0.3164557 | AI60: =IF(OR(BASE_DATOS[[#This Row],[Hr.]]="",BASE_DATOS[[#This Row],[Hr. Actual]]=""),"",BASE_DATOS[[#This Row],[Hr. Actual]]-BASE_DATOS[[#This Row],[Hr.]]+BASE_DATOS[[#This Row],[Horas Acumuladas]]) | AJ60: =IFERROR(BASE_DATOS[[#This Row],[Precio US$]]/BASE_DATOS[[#This Row],[Horas Rodadas]],"") | AK60: =IFERROR(BASE_DATOS[[#This Row],[Horas Rodadas]]/(BASE_DATOS[[#This Row],[NSK Original]]-BASE_DATOS[[#This Row],[NSK]]),"") | AL60: =IF(BASE_DATOS[[#This Row],[Situación Actual]]="RETIRADO","",IF(BASE_DATOS[[#This Row],[Situación Actual]]="RODANDO",IFERROR(BASE_DATOS[[#This Row],[Hrs/mm]]*(BASE_DATOS[[#This Row],[NSK]]-BASE_DATOS[[#This Row],[NSK Form.]])+BASE_DATOS[[#This Row],[Horas Rodadas]],""))) | AM60: =IFERROR(BASE_DATOS[[#This Row],[Precio US$]]/BASE_DATOS[[#This Row],[Horas Proy.]],"") | AN60: =IF(OR(BASE_DATOS[[#This Row],[Km.]]="",BASE_DATOS[[#This Row],[Km. Actual]]=""),"",BASE_DATOS[[#This Row],[Km. Actual]]-BASE_DATOS[[#This Row],[Km.]]+BASE_DATOS[[#This Row],[Kilómetros Acumulados]]) | AO60: =IFERROR(BASE_DATOS[[#This Row],[Precio US$]]/BASE_DATOS[[#This Row],[Kilómetros Rodados]],"") | AP60: =IFERROR(BASE_DATOS[[#This Row],[Kilómetros Rodados]]/(BASE_DATOS[[#This Row],[NSK Original]]-BASE_DATOS[[#This Row],[NSK]]),"") | AQ60: =IF(BASE_DATOS[[#This Row],[Situación Actual]]="RETIRADO","",IF(BASE_DATOS[[#This Row],[Situación Actual]]="RODANDO",IFERROR(BASE_DATOS[[#This Row],[Kms/ mm]]*(BASE_DATOS[[#This Row],[NSK]]-BASE_DATOS[[#This Row],[NSK Form.]])+BASE_DATOS[[#This Row],[Kilómetros Rodados]],""))) | AR60: =IFERROR(BASE_DATOS[[#This Row],[Precio US$]]/BASE_DATOS[[#This Row],[Kilómetros Proy.]],"") | AS60: Rodando | AY60: =CONCATENATE(BASE_DATOS[[#This Row],[Código_U]]&BASE_DATOS[[#This Row],[Pos.]]&BASE_DATOS[[#This Row],[Situación Actual]]) -> TC-1101Rodando
A61: TC-110 | B61: F8U-799 | C61: Tracto | D61: Direccional | E61: 110 2 | F61: Goodyear | G61: 295/80R22.5 | H61: =IF(BASE_DATOS[[#This Row],[N-R]]="N",BASE_DATOS[[#This Row],[Diseño]],"Reencauche") -> KMAX S | I61: KMAX S | J61: N | K61: 15.8 | L61: 100 | R61: 2 | S61: 45384 | V61: 11 | W61: 13 | X61: 12 | Y61: =IFERROR(MIN(V61:X61),"") -> 11 | Z61: tm | AA61: =IFERROR(BASE_DATOS[[#This Row],[NSK Original]]-BASE_DATOS[[#This Row],[NSK]]," ") -> 4.8 | AB61: ='NSK-TRACTO'!$A$2 -> 6 | AC61: =IF(BASE_DATOS[[#This Row],[NSK]]>=BASE_DATOS[[#This Row],[NSK Reen]],BASE_DATOS[[#This Row],[NSK Reen]],BASE_DATOS[[#This Row],[NSK]]) -> 6 | AD61: =IFERROR(100%-(BASE_DATOS[[#This Row],[NSK Reen]]/BASE_DATOS[[#This Row],[NSK Original]]),"") -> 0.62025316 | AE61: =IFERROR(100%-BASE_DATOS[[#This Row],[NSK]]/BASE_DATOS[[#This Row],[NSK Original]],"") -> 0.30379747 | AF61: =IFERROR(BASE_DATOS[[#This Row],[% Max Des.]]-BASE_DATOS[[#This Row],[% Des]],"") -> 0.3164557 | AI61: =IF(OR(BASE_DATOS[[#This Row],[Hr.]]="",BASE_DATOS[[#This Row],[Hr. Actual]]=""),"",BASE_DATOS[[#This Row],[Hr. Actual]]-BASE_DATOS[[#This Row],[Hr.]]+BASE_DATOS[[#This Row],[Horas Acumuladas]]) | AJ61: =IFERROR(BASE_DATOS[[#This Row],[Precio US$]]/BASE_DATOS[[#This Row],[Horas Rodadas]],"") | AK61: =IFERROR(BASE_DATOS[[#This Row],[Horas Rodadas]]/(BASE_DATOS[[#This Row],[NSK Original]]-BASE_DATOS[[#This Row],[NSK]]),"") | AL61: =IF(BASE_DATOS[[#This Row],[Situación Actual]]="RETIRADO","",IF(BASE_DATOS[[#This Row],[Situación Actual]]="RODANDO",IFERROR(BASE_DATOS[[#This Row],[Hrs/mm]]*(BASE_DATOS[[#This Row],[NSK]]-BASE_DATOS[[#This Row],[NSK Form.]])+BASE_DATOS[[#This Row],[Horas Rodadas]],""))) | AM61: =IFERROR(BASE_DATOS[[#This Row],[Precio US$]]/BASE_DATOS[[#This Row],[Horas Proy.]],"") | AN61: =IF(OR(BASE_DATOS[[#This Row],[Km.]]="",BASE_DATOS[[#This Row],[Km. Actual]]=""),"",BASE_DATOS[[#This Row],[Km. Actual]]-BASE_DATOS[[#This Row],[Km.]]+BASE_DATOS[[#This Row],[Kilómetros Acumulados]]) | AO61: =IFERROR(BASE_DATOS[[#This Row],[Precio US$]]/BASE_DATOS[[#This Row],[Kilómetros Rodados]],"") | AP61: =IFERROR(BASE_DATOS[[#This Row],[Kilómetros Rodados]]/(BASE_DATOS[[#This Row],[NSK Original]]-BASE_DATOS[[#This Row],[NSK]]),"") | AQ61: =IF(BASE_DATOS[[#This Row],[Situación Actual]]="RETIRADO","",IF(BASE_DATOS[[#This Row],[Situación Actual]]="RODANDO",IFERROR(BASE_DATOS[[#This Row],[Kms/ mm]]*(BASE_DATOS[[#This Row],[NSK]]-BASE_DATOS[[#This Row],[NSK Form.]])+BASE_DATOS[[#This Row],[Kilómetros Rodados]],""))) | AR61: =IFERROR(BASE_DATOS[[#This Row],[Precio US$]]/BASE_DATOS[[#This Row],[Kilómetros Proy.]],"") | AS61: Rodando | AY61: =CONCATENATE(BASE_DATOS[[#This Row],[Código_U]]&BASE_DATOS[[#This Row],[Pos.]]&BASE_DATOS[[#This Row],[Situación Actual]]) -> TC-1102Rodando
A62: TC-110 | B62: F8U-799 | C62: Tracto | D62: Tracción | F62: Michelin | G62: 295/80R22.5 | H62: =IF(BASE_DATOS[[#This Row],[N-R]]="N",BASE_DATOS[[#This Row],[Diseño]],"Reencauche") -> XMULTI2D | I62: XMULTI2D | J62: N | K62: 21.4 | L62: 110 | R62: 3 | S62: 45384 | V62: 14 | X62: 14 | Y62: =IFERROR(MIN(V62:X62),"") -> 14 | Z62: st | AA62: =IFERROR(BASE_DATOS[[#This Row],[NSK Original]]-BASE_DATOS[[#This Row],[NSK]]," ") -> 7.4 | AB62: ='NSK-TRACTO'!$A$2 -> 6 | AC62: =IF(BASE_DATOS[[#This Row],[NSK]]>=BASE_DATOS[[#This Row],[NSK Reen]],BASE_DATOS[[#This Row],[NSK Reen]],BASE_DATOS[[#This Row],[NSK]]) -> 6 | AD62: =IFERROR(100%-(BASE_DATOS[[#This Row],[NSK Reen]]/BASE_DATOS[[#This Row],[NSK Original]]),"") -> 0.71962617 | AE62: =IFERROR(100%-BASE_DATOS[[#This Row],[NSK]]/BASE_DATOS[[#This Row],[NSK Original]],"") -> 0.34579439 | AF62: =IFERROR(BASE_DATOS[[#This Row],[% Max Des.]]-BASE_DATOS[[#This Row],[% Des]],"") -> 0.37383178 | AI62: =IF(OR(BASE_DATOS[[#This Row],[Hr.]]="",BASE_DATOS[[#This Row],[Hr. Actual]]=""),"",BASE_DATOS[[#This Row],[Hr. Actual]]-BASE_DATOS[[#This Row],[Hr.]]+BASE_DATOS[[#This Row],[Horas Acumuladas]]) | AJ62: =IFERROR(BASE_DATOS[[#This Row],[Precio US$]]/BASE_DATOS[[#This Row],[Horas Rodadas]],"") | AK62: =IFERROR(BASE_DATOS[[#This Row],[Horas Rodadas]]/(BASE_DATOS[[#This Row],[NSK Original]]-BASE_DATOS[[#This Row],[NSK]]),"") | AL62: =IF(BASE_DATOS[[#This Row],[Situación Actual]]="RETIRADO","",IF(BASE_DATOS[[#This Row],[Situación Actual]]="RODANDO",IFERROR(BASE_DATOS[[#This Row],[Hrs/mm]]*(BASE_DATOS[[#This Row],[NSK]]-BASE_DATOS[[#This Row],[NSK Form.]])+BASE_DATOS[[#This Row],[Horas Rodadas]],""))) | AM62: =IFERROR(BASE_DATOS[[#This Row],[Precio US$]]/BASE_DATOS[[#This Row],[Horas Proy.]],"") | AN62: =IF(OR(BASE_DATOS[[#This Row],[Km.]]="",BASE_DATOS[[#This Row],[Km. Actual]]=""),"",BASE_DATOS[[#This Row],[Km. Actual]]-BASE_DATOS[[#This Row],[Km.]]+BASE_DATOS[[#This Row],[Kilómetros Acumulados]]) | AO62: =IFERROR(BASE_DATOS[[#This Row],[Precio US$]]/BASE_DATOS[[#This Row],[Kilómetros Rodados]],"") | AP62: =IFERROR(BASE_DATOS[[#This Row],[Kilómetros Rodados]]/(BASE_DATOS[[#This Row],[NSK Original]]-BASE_DATOS[[#This Row],[NSK]]),"") | AQ62: =IF(BASE_DATOS[[#This Row],[Situación Actual]]="RETIRADO","",IF(BASE_DATOS[[#This Row],[Situación Actual]]="RODANDO",IFERROR(BASE_DATOS[[#This Row],[Kms/ mm]]*(BASE_DATOS[[#This Row],[NSK]]-BASE_DATOS[[#This Row],[NSK Form.]])+BASE_DATOS[[#This Row],[Kilómetros Rodados]],""))) | AR62: =IFERROR(BASE_DATOS[[#This Row],[Precio US$]]/BASE_DATOS[[#This Row],[Kilómetros Proy.]],"") | AS62: Rodando | AY62: =CONCATENATE(BASE_DATOS[[#This Row],[Código_U]]&BASE_DATOS[[#This Row],[Pos.]]&BASE_DATOS[[#This Row],[Situación Actual]]) -> TC-1103Rodando
A63: TC-110 | B63: F8U-799 | C63: Tracto | D63: Tracción | F63: Michelin | G63: 295/80R22.5 | H63: =IF(BASE_DATOS[[#This Row],[N-R]]="N",BASE_DATOS[[#This Row],[Diseño]],"Reencauche") -> XMULTI2D | I63: XMULTI2D | J63: N | K63: 21.4 | L63: 110 | R63: 4 | S63: 45384 | V63: 14 | X63: 15 | Y63: =IFERROR(MIN(V63:X63),"") -> 14 | Z63: st | AA63: =IFERROR(BASE_DATOS[[#This Row],[NSK Original]]-BASE_DATOS[[#This Row],[NSK]]," ") -> 7.4 | AB63: ='NSK-TRACTO'!$A$2 -> 6 | AC63: =IF(BASE_DATOS[[#This Row],[NSK]]>=BASE_DATOS[[#This Row],[NSK Reen]],BASE_DATOS[[#This Row],[NSK Reen]],BASE_DATOS[[#This Row],[NSK]]) -> 6 | AD63: =IFERROR(100%-(BASE_DATOS[[#This Row],[NSK Reen]]/BASE_DATOS[[#This Row],[NSK Original]]),"") -> 0.71962617 | AE63: =IFERROR(100%-BASE_DATOS[[#This Row],[NSK]]/BASE_DATOS[[#This Row],[NSK Original]],"") -> 0.34579439 | AF63: =IFERROR(BASE_DATOS[[#This Row],[% Max Des.]]-BASE_DATOS[[#This Row],[% Des]],"") -> 0.37383178 | AI63: =IF(OR(BASE_DATOS[[#This Row],[Hr.]]="",BASE_DATOS[[#This Row],[Hr. Actual]]=""),"",BASE_DATOS[[#This Row],[Hr. Actual]]-BASE_DATOS[[#This Row],[Hr.]]+BASE_DATOS[[#This Row],[Horas Acumuladas]]) | AJ63: =IFERROR(BASE_DATOS[[#This Row],[Precio US$]]/BASE_DATOS[[#This Row],[Horas Rodadas]],"") | AK63: =IFERROR(BASE_DATOS[[#This Row],[Horas Rodadas]]/(BASE_DATOS[[#This Row],[NSK Original]]-BASE_DATOS[[#This Row],[NSK]]),"") | AL63: =IF(BASE_DATOS[[#This Row],[Situación Actual]]="RETIRADO","",IF(BASE_DATOS[[#This Row],[Situación Actual]]="RODANDO",IFERROR(BASE_DATOS[[#This Row],[Hrs/mm]]*(BASE_DATOS[[#This Row],[NSK]]-BASE_DATOS[[#This Row],[NSK Form.]])+BASE_DATOS[[#This Row],[Horas Rodadas]],""))) | AM63: =IFERROR(BASE_DATOS[[#This Row],[Precio US$]]/BASE_DATOS[[#This Row],[Horas Proy.]],"") | AN63: =IF(OR(BASE_DATOS[[#This Row],[Km.]]="",BASE_DATOS[[#This Row],[Km. Actual]]=""),"",BASE_DATOS[[#This Row],[Km. Actual]]-BASE_DATOS[[#This Row],[Km.]]+BASE_DATOS[[#This Row],[Kilómetros Acumulados]]) | AO63: =IFERROR(BASE_DATOS[[#This Row],[Precio US$]]/BASE_DATOS[[#This Row],[Kilómetros Rodados]],"") | AP63: =IFERROR(BASE_DATOS[[#This Row],[Kilómetros Rodados]]/(BASE_DATOS[[#This Row],[NSK Original]]-BASE_DATOS[[#This Row],[NSK]]),"") | AQ63: =IF(BASE_DATOS[[#This Row],[Situación Actual]]="RETIRADO","",IF(BASE_DATOS[[#This Row],[Situación Actual]]="RODANDO",IFERROR(BASE_DATOS[[#This Row],[Kms/ mm]]*(BASE_DATOS[[#This Row],[NSK]]-BASE_DATOS[[#This Row],[NSK Form.]])+BASE_DATOS[[#This Row],[Kilómetros Rodados]],""))) | AR63: =IFERROR(BASE_DATOS[[#This Row],[Precio US$]]/BASE_DATOS[[#This Row],[Kilómetros Proy.]],"") | AS63: Rodando | AY63: =CONCATENATE(BASE_DATOS[[#This Row],[Código_U]]&BASE_DATOS[[#This Row],[Pos.]]&BASE_DATOS[[#This Row],[Situación Actual]]) -> TC-1104Rodando
A64: TC-110 | B64: F8U-799 | C64: Tracto | D64: Tracción | F64: Michelin | G64: 295/80R22.5 | H64: =IF(BASE_DATOS[[#This Row],[N-R]]="N",BASE_DATOS[[#This Row],[Diseño]],"Reencauche") -> XMULTI2D | I64: XMULTI2D | J64: N | K64: 21.4 | L64: 110 | R64: 5 | S64: 45384 | V64: 15 | X64: 15 | Y64: =IFERROR(MIN(V64:X64),"") -> 15 | Z64: st | AA64: =IFERROR(BASE_DATOS[[#This Row],[NSK Original]]-BASE_DATOS[[#This Row],[NSK]]," ") -> 6.4 | AB64: ='NSK-TRACTO'!$A$2 -> 6 | AC64: =IF(BASE_DATOS[[#This Row],[NSK]]>=BASE_DATOS[[#This Row],[NSK Reen]],BASE_DATOS[[#This Row],[NSK Reen]],BASE_DATOS[[#This Row],[NSK]]) -> 6 | AD64: =IFERROR(100%-(BASE_DATOS[[#This Row],[NSK Reen]]/BASE_DATOS[[#This Row],[NSK Original]]),"") -> 0.71962617 | AE64: =IFERROR(100%-BASE_DATOS[[#This Row],[NSK]]/BASE_DATOS[[#This Row],[NSK Original]],"") -> 0.29906542 | AF64: =IFERROR(BASE_DATOS[[#This Row],[% Max Des.]]-BASE_DATOS[[#This Row],[% Des]],"") -> 0.42056075 | AI64: =IF(OR(BASE_DATOS[[#This Row],[Hr.]]="",BASE_DATOS[[#This Row],[Hr. Actual]]=""),"",BASE_DATOS[[#This Row],[Hr. Actual]]-BASE_DATOS[[#This Row],[Hr.]]+BASE_DATOS[[#This Row],[Horas Acumuladas]]) | AJ64: =IFERROR(BASE_DATOS[[#This Row],[Precio US$]]/BASE_DATOS[[#This Row],[Horas Rodadas]],"") | AK64: =IFERROR(BASE_DATOS[[#This Row],[Horas Rodadas]]/(BASE_DATOS[[#This Row],[NSK Original]]-BASE_DATOS[[#This Row],[NSK]]),"") | AL64: =IF(BASE_DATOS[[#This Row],[Situación Actual]]="RETIRADO","",IF(BASE_DATOS[[#This Row],[Situación Actual]]="RODANDO",IFERROR(BASE_DATOS[[#This Row],[Hrs/mm]]*(BASE_DATOS[[#This Row],[NSK]]-BASE_DATOS[[#This Row],[NSK Form.]])+BASE_DATOS[[#This Row],[Horas Rodadas]],""))) | AM64: =IFERROR(BASE_DATOS[[#This Row],[Precio US$]]/BASE_DATOS[[#This Row],[Horas Proy.]],"") | AN64: =IF(OR(BASE_DATOS[[#This Row],[Km.]]="",BASE_DATOS[[#This Row],[Km. Actual]]=""),"",BASE_DATOS[[#This Row],[Km. Actual]]-BASE_DATOS[[#This Row],[Km.]]+BASE_DATOS[[#This Row],[Kilómetros Acumulados]]) | AO64: =IFERROR(BASE_DATOS[[#This Row],[Precio US$]]/BASE_DATOS[[#This Row],[Kilómetros Rodados]],"") | AP64: =IFERROR(BASE_DATOS[[#This Row],[Kilómetros Rodados]]/(BASE_DATOS[[#This Row],[NSK Original]]-BASE_DATOS[[#This Row],[NSK]]),"") | AQ64: =IF(BASE_DATOS[[#This Row],[Situación Actual]]="RETIRADO","",IF(BASE_DATOS[[#This Row],[Situación Actual]]="RODANDO",IFERROR(BASE_DATOS[[#This Row],[Kms/ mm]]*(BASE_DATOS[[#This Row],[NSK]]-BASE_DATOS[[#This Row],[NSK Form.]])+BASE_DATOS[[#This Row],[Kilómetros Rodados]],""))) | AR64: =IFERROR(BASE_DATOS[[#This Row],[Precio US$]]/BASE_DATOS[[#This Row],[Kilómetros Proy.]],"") | AS64: Rodando | AY64: =CONCATENATE(BASE_DATOS[[#This Row],[Código_U]]&BASE_DATOS[[#This Row],[Pos.]]&BASE_DATOS[[#This Row],[Situación Actual]]) -> TC-1105Rodando
A65: TC-110 | B65: F8U-799 | C65: Tracto | D65: Tracción | F65: Michelin | G65: 295/80R22.5 | H65: =IF(BASE_DATOS[[#This Row],[N-R]]="N",BASE_DATOS[[#This Row],[Diseño]],"Reencauche") -> XMULTI2D | I65: XMULTI2D | J65: N | K65: 21.4 | L65: 110 | R65: 6 | S65: 45384 | V65: 15 | X65: 15 | Y65: =IFERROR(MIN(V65:X65),"") -> 15 | Z65: st | AA65: =IFERROR(BASE_DATOS[[#This Row],[NSK Original]]-BASE_DATOS[[#This Row],[NSK]]," ") -> 6.4 | AB65: ='NSK-TRACTO'!$A$2 -> 6 | AC65: =IF(BASE_DATOS[[#This Row],[NSK]]>=BASE_DATOS[[#This Row],[NSK Reen]],BASE_DATOS[[#This Row],[NSK Reen]],BASE_DATOS[[#This Row],[NSK]]) -> 6 | AD65: =IFERROR(100%-(BASE_DATOS[[#This Row],[NSK Reen]]/BASE_DATOS[[#This Row],[NSK Original]]),"") -> 0.71962617 | AE65: =IFERROR(100%-BASE_DATOS[[#This Row],[NSK]]/BASE_DATOS[[#This Row],[NSK Original]],"") -> 0.29906542 | AF65: =IFERROR(BASE_DATOS[[#This Row],[% Max Des.]]-BASE_DATOS[[#This Row],[% Des]],"") -> 0.42056075 | AI65: =IF(OR(BASE_DATOS[[#This Row],[Hr.]]="",BASE_DATOS[[#This Row],[Hr. Actual]]=""),"",BASE_DATOS[[#This Row],[Hr. Actual]]-BASE_DATOS[[#This Row],[Hr.]]+BASE_DATOS[[#This Row],[Horas Acumuladas]]) | AJ65: =IFERROR(BASE_DATOS[[#This Row],[Precio US$]]/BASE_DATOS[[#This Row],[Horas Rodadas]],"") | AK65: =IFERROR(BASE_DATOS[[#This Row],[Horas Rodadas]]/(BASE_DATOS[[#This Row],[NSK Original]]-BASE_DATOS[[#This Row],[NSK]]),"") | AL65: =IF(BASE_DATOS[[#This Row],[Situación Actual]]="RETIRADO","",IF(BASE_DATOS[[#This Row],[Situación Actual]]="RODANDO",IFERROR(BASE_DATOS[[#This Row],[Hrs/mm]]*(BASE_DATOS[[#This Row],[NSK]]-BASE_DATOS[[#This Row],[NSK Form.]])+BASE_DATOS[[#This Row],[Horas Rodadas]],""))) | AM65: =IFERROR(BASE_DATOS[[#This Row],[Precio US$]]/BASE_DATOS[[#This Row],[Horas Proy.]],"") | AN65: =IF(OR(BASE_DATOS[[#This Row],[Km.]]="",BASE_DATOS[[#This Row],[Km. Actual]]=""),"",BASE_DATOS[[#This Row],[Km. Actual]]-BASE_DATOS[[#This Row],[Km.]]+BASE_DATOS[[#This Row],[Kilómetros Acumulados]]) | AO65: =IFERROR(BASE_DATOS[[#This Row],[Precio US$]]/BASE_DATOS[[#This Row],[Kilómetros Rodados]],"") | AP65: =IFERROR(BASE_DATOS[[#This Row],[Kilómetros Rodados]]/(BASE_DATOS[[#This Row],[NSK Original]]-BASE_DATOS[[#This Row],[NSK]]),"") | AQ65: =IF(BASE_DATOS[[#This Row],[Situación Actual]]="RETIRADO","",IF(BASE_DATOS[[#This Row],[Situación Actual]]="RODANDO",IFERROR(BASE_DATOS[[#This Row],[Kms/ mm]]*(BASE_DATOS[[#This Row],[NSK]]-BASE_DATOS[[#This Row],[NSK Form.]])+BASE_DATOS[[#This Row],[Kilómetros Rodados]],""))) | AR65: =IFERROR(BASE_DATOS[[#This Row],[Precio US$]]/BASE_DATOS[[#This Row],[Kilómetros Proy.]],"") | AS65: Rodando | AY65: =CONCATENATE(BASE_DATOS[[#This Row],[Código_U]]&BASE_DATOS[[#This Row],[Pos.]]&BASE_DATOS[[#This Row],[Situación Actual]]) -> TC-1106Rodando
A66: TC-110 | B66: F8U-799 | C66: Tracto | D66: Tracción | F66: Continental | G66: 295/80R22.5 | H66: =IF(BASE_DATOS[[#This Row],[N-R]]="N",BASE_DATOS[[#This Row],[Diseño]],"Reencauche") -> Reencauche | I66: MDE | J66: 1R | K66: 22 | L66: 110 | R66: 7 | S66: 45384 | V66: 19 | X66: 19 | Y66: =IFERROR(MIN(V66:X66),"") -> 19 | Z66: st | AA66: =IFERROR(BASE_DATOS[[#This Row],[NSK Original]]-BASE_DATOS[[#This Row],[NSK]]," ") -> 3 | AB66: ='NSK-TRACTO'!$A$2 -> 6 | AC66: =IF(BASE_DATOS[[#This Row],[NSK]]>=BASE_DATOS[[#This Row],[NSK Reen]],BASE_DATOS[[#This Row],[NSK Reen]],BASE_DATOS[[#This Row],[NSK]]) -> 6 | AD66: =IFERROR(100%-(BASE_DATOS[[#This Row],[NSK Reen]]/BASE_DATOS[[#This Row],[NSK Original]]),"") -> 0.72727273 | AE66: =IFERROR(100%-BASE_DATOS[[#This Row],[NSK]]/BASE_DATOS[[#This Row],[NSK Original]],"") -> 0.13636364 | AF66: =IFERROR(BASE_DATOS[[#This Row],[% Max Des.]]-BASE_DATOS[[#This Row],[% Des]],"") -> 0.59090909 | AI66: =IF(OR(BASE_DATOS[[#This Row],[Hr.]]="",BASE_DATOS[[#This Row],[Hr. Actual]]=""),"",BASE_DATOS[[#This Row],[Hr. Actual]]-BASE_DATOS[[#This Row],[Hr.]]+BASE_DATOS[[#This Row],[Horas Acumuladas]]) | AJ66: =IFERROR(BASE_DATOS[[#This Row],[Precio US$]]/BASE_DATOS[[#This Row],[Horas Rodadas]],"") | AK66: =IFERROR(BASE_DATOS[[#This Row],[Horas Rodadas]]/(BASE_DATOS[[#This Row],[NSK Original]]-BASE_DATOS[[#This Row],[NSK]]),"") | AL66: =IF(BASE_DATOS[[#This Row],[Situación Actual]]="RETIRADO","",IF(BASE_DATOS[[#This Row],[Situación Actual]]="RODANDO",IFERROR(BASE_DATOS[[#This Row],[Hrs/mm]]*(BASE_DATOS[[#This Row],[NSK]]-BASE_DATOS[[#This Row],[NSK Form.]])+BASE_DATOS[[#This Row],[Horas Rodadas]],""))) | AM66: =IFERROR(BASE_DATOS[[#This Row],[Precio US$]]/BASE_DATOS[[#This Row],[Horas Proy.]],"") | AN66: =IF(OR(BASE_DATOS[[#This Row],[Km.]]="",BASE_DATOS[[#This Row],[Km. Actual]]=""),"",BASE_DATOS[[#This Row],[Km. Actual]]-BASE_DATOS[[#This Row],[Km.]]+BASE_DATOS[[#This Row],[Kilómetros Acumulados]]) | AO66: =IFERROR(BASE_DATOS[[#This Row],[Precio US$]]/BASE_DATOS[[#This Row],[Kilómetros Rodados]],"") | AP66: =IFERROR(BASE_DATOS[[#This Row],[Kilómetros Rodados]]/(BASE_DATOS[[#This Row],[NSK Original]]-BASE_DATOS[[#This Row],[NSK]]),"") | AQ66: =IF(BASE_DATOS[[#This Row],[Situación Actual]]="RETIRADO","",IF(BASE_DATOS[[#This Row],[Situación Actual]]="RODANDO",IFERROR(BASE_DATOS[[#This Row],[Kms/ mm]]*(BASE_DATOS[[#This Row],[NSK]]-BASE_DATOS[[#This Row],[NSK Form.]])+BASE_DATOS[[#This Row],[Kilómetros Rodados]],""))) | AR66: =IFERROR(BASE_DATOS[[#This Row],[Precio US$]]/BASE_DATOS[[#This Row],[Kilómetros Proy.]],"") | AS66: Rodando | AY66: =CONCATENATE(BASE_DATOS[[#This Row],[Código_U]]&BASE_DATOS[[#This Row],[Pos.]]&BASE_DATOS[[#This Row],[Situación Actual]]) -> TC-1107Rodando
A67: TC-110 | B67: F8U-799 | C67: Tracto | D67: Tracción | F67: Continental | G67: 295/80R22.5 | H67: =IF(BASE_DATOS[[#This Row],[N-R]]="N",BASE_DATOS[[#This Row],[Diseño]],"Reencauche") -> Reencauche | I67: MDE | J67: 1R | K67: 22 | L67: 110 | R67: 8 | S67: 45384 | V67: 18 | X67: 18 | Y67: =IFERROR(MIN(V67:X67),"") -> 18 | Z67: st | AA67: =IFERROR(BASE_DATOS[[#This Row],[NSK Original]]-BASE_DATOS[[#This Row],[NSK]]," ") -> 4 | AB67: ='NSK-TRACTO'!$A$2 -> 6 | AC67: =IF(BASE_DATOS[[#This Row],[NSK]]>=BASE_DATOS[[#This Row],[NSK Reen]],BASE_DATOS[[#This Row],[NSK Reen]],BASE_DATOS[[#This Row],[NSK]]) -> 6 | AD67: =IFERROR(100%-(BASE_DATOS[[#This Row],[NSK Reen]]/BASE_DATOS[[#This Row],[NSK Original]]),"") -> 0.72727273 | AE67: =IFERROR(100%-BASE_DATOS[[#This Row],[NSK]]/BASE_DATOS[[#This Row],[NSK Original]],"") -> 0.18181818 | AF67: =IFERROR(BASE_DATOS[[#This Row],[% Max Des.]]-BASE_DATOS[[#This Row],[% Des]],"") -> 0.54545455 | AI67: =IF(OR(BASE_DATOS[[#This Row],[Hr.]]="",BASE_DATOS[[#This Row],[Hr. Actual]]=""),"",BASE_DATOS[[#This Row],[Hr. Actual]]-BASE_DATOS[[#This Row],[Hr.]]+BASE_DATOS[[#This Row],[Horas Acumuladas]]) | AJ67: =IFERROR(BASE_DATOS[[#This Row],[Precio US$]]/BASE_DATOS[[#This Row],[Horas Rodadas]],"") | AK67: =IFERROR(BASE_DATOS[[#This Row],[Horas Rodadas]]/(BASE_DATOS[[#This Row],[NSK Original]]-BASE_DATOS[[#This Row],[NSK]]),"") | AL67: =IF(BASE_DATOS[[#This Row],[Situación Actual]]="RETIRADO","",IF(BASE_DATOS[[#This Row],[Situación Actual]]="RODANDO",IFERROR(BASE_DATOS[[#This Row],[Hrs/mm]]*(BASE_DATOS[[#This Row],[NSK]]-BASE_DATOS[[#This Row],[NSK Form.]])+BASE_DATOS[[#This Row],[Horas Rodadas]],""))) | AM67: =IFERROR(BASE_DATOS[[#This Row],[Precio US$]]/BASE_DATOS[[#This Row],[Horas Proy.]],"") | AN67: =IF(OR(BASE_DATOS[[#This Row],[Km.]]="",BASE_DATOS[[#This Row],[Km. Actual]]=""),"",BASE_DATOS[[#This Row],[Km. Actual]]-BASE_DATOS[[#This Row],[Km.]]+BASE_DATOS[[#This Row],[Kilómetros Acumulados]]) | AO67: =IFERROR(BASE_DATOS[[#This Row],[Precio US$]]/BASE_DATOS[[#This Row],[Kilómetros Rodados]],"") | AP67: =IFERROR(BASE_DATOS[[#This Row],[Kilómetros Rodados]]/(BASE_DATOS[[#This Row],[NSK Original]]-BASE_DATOS[[#This Row],[NSK]]),"") | AQ67: =IF(BASE_DATOS[[#This Row],[Situación Actual]]="RETIRADO","",IF(BASE_DATOS[[#This Row],[Situación Actual]]="RODANDO",IFERROR(BASE_DATOS[[#This Row],[Kms/ mm]]*(BASE_DATOS[[#This Row],[NSK]]-BASE_DATOS[[#This Row],[NSK Form.]])+BASE_DATOS[[#This Row],[Kilómetros Rodados]],""))) | AR67: =IFERROR(BASE_DATOS[[#This Row],[Precio US$]]/BASE_DATOS[[#This Row],[Kilómetros Proy.]],"") | AS67: Rodando | AY67: =CONCATENATE(BASE_DATOS[[#This Row],[Código_U]]&BASE_DATOS[[#This Row],[Pos.]]&BASE_DATOS[[#This Row],[Situación Actual]]) -> TC-1108Rodando
A68: TC-110 | B68: F8U-799 | C68: Tracto | D68: Tracción | F68: Continental | G68: 295/80R22.5 | H68: =IF(BASE_DATOS[[#This Row],[N-R]]="N",BASE_DATOS[[#This Row],[Diseño]],"Reencauche") -> Reencauche | I68: MDE | J68: 1R | K68: 22 | L68: 110 | R68: 9 | S68: 45384 | V68: 18 | X68: 18 | Y68: =IFERROR(MIN(V68:X68),"") -> 18 | Z68: st | AA68: =IFERROR(BASE_DATOS[[#This Row],[NSK Original]]-BASE_DATOS[[#This Row],[NSK]]," ") -> 4 | AB68: ='NSK-TRACTO'!$A$2 -> 6 | AC68: =IF(BASE_DATOS[[#This Row],[NSK]]>=BASE_DATOS[[#This Row],[NSK Reen]],BASE_DATOS[[#This Row],[NSK Reen]],BASE_DATOS[[#This Row],[NSK]]) -> 6 | AD68: =IFERROR(100%-(BASE_DATOS[[#This Row],[NSK Reen]]/BASE_DATOS[[#This Row],[NSK Original]]),"") -> 0.72727273 | AE68: =IFERROR(100%-BASE_DATOS[[#This Row],[NSK]]/BASE_DATOS[[#This Row],[NSK Original]],"") -> 0.18181818 | AF68: =IFERROR(BASE_DATOS[[#This Row],[% Max Des.]]-BASE_DATOS[[#This Row],[% Des]],"") -> 0.54545455 | AI68: =IF(OR(BASE_DATOS[[#This Row],[Hr.]]="",BASE_DATOS[[#This Row],[Hr. Actual]]=""),"",BASE_DATOS[[#This Row],[Hr. Actual]]-BASE_DATOS[[#This Row],[Hr.]]+BASE_DATOS[[#This Row],[Horas Acumuladas]]) | AJ68: =IFERROR(BASE_DATOS[[#This Row],[Precio US$]]/BASE_DATOS[[#This Row],[Horas Rodadas]],"") | AK68: =IFERROR(BASE_DATOS[[#This Row],[Horas Rodadas]]/(BASE_DATOS[[#This Row],[NSK Original]]-BASE_DATOS[[#This Row],[NSK]]),"") | AL68: =IF(BASE_DATOS[[#This Row],[Situación Actual]]="RETIRADO","",IF(BASE_DATOS[[#This Row],[Situación Actual]]="RODANDO",IFERROR(BASE_DATOS[[#This Row],[Hrs/mm]]*(BASE_DATOS[[#This Row],[NSK]]-BASE_DATOS[[#This Row],[NSK Form.]])+BASE_DATOS[[#This Row],[Horas Rodadas]],""))) | AM68: =IFERROR(BASE_DATOS[[#This Row],[Precio US$]]/BASE_DATOS[[#This Row],[Horas Proy.]],"") | AN68: =IF(OR(BASE_DATOS[[#This Row],[Km.]]="",BASE_DATOS[[#This Row],[Km. Actual]]=""),"",BASE_DATOS[[#This Row],[Km. Actual]]-BASE_DATOS[[#This Row],[Km.]]+BASE_DATOS[[#This Row],[Kilómetros Acumulados]]) | AO68: =IFERROR(BASE_DATOS[[#This Row],[Precio US$]]/BASE_DATOS[[#This Row],[Kilómetros Rodados]],"") | AP68: =IFERROR(BASE_DATOS[[#This Row],[Kilómetros Rodados]]/(BASE_DATOS[[#This Row],[NSK Original]]-BASE_DATOS[[#This Row],[NSK]]),"") | AQ68: =IF(BASE_DATOS[[#This Row],[Situación Actual]]="RETIRADO","",IF(BASE_DATOS[[#This Row],[Situación Actual]]="RODANDO",IFERROR(BASE_DATOS[[#This Row],[Kms/ mm]]*(BASE_DATOS[[#This Row],[NSK]]-BASE_DATOS[[#This Row],[NSK Form.]])+BASE_DATOS[[#This Row],[Kilómetros Rodados]],""))) | AR68: =IFERROR(BASE_DATOS[[#This Row],[Precio US$]]/BASE_DATOS[[#This Row],[Kilómetros Proy.]],"") | AS68: Rodando | AY68: =CONCATENATE(BASE_DATOS[[#This Row],[Código_U]]&BASE_DATOS[[#This Row],[Pos.]]&BASE_DATOS[[#This Row],[Situación Actual]]) -> TC-1109Rodando
A69: TC-110 | B69: F8U-799 | C69: Tracto | D69: Tracción | F69: Continental | G69: 295/80R22.5 | H69: =IF(BASE_DATOS[[#This Row],[N-R]]="N",BASE_DATOS[[#This Row],[Diseño]],"Reencauche") -> Reencauche | I69: MDE | J69: 1R | K69: 22 | L69: 110 | R69: 10 | S69: 45384 | V69: 18 | X69: 18 | Y69: =IFERROR(MIN(V69:X69),"") -> 18 | Z69: st | AA69: =IFERROR(BASE_DATOS[[#This Row],[NSK Original]]-BASE_DATOS[[#This Row],[NSK]]," ") -> 4 | AB69: ='NSK-TRACTO'!$A$2 -> 6 | AC69: =IF(BASE_DATOS[[#This Row],[NSK]]>=BASE_DATOS[[#This Row],[NSK Reen]],BASE_DATOS[[#This Row],[NSK Reen]],BASE_DATOS[[#This Row],[NSK]]) -> 6 | AD69: =IFERROR(100%-(BASE_DATOS[[#This Row],[NSK Reen]]/BASE_DATOS[[#This Row],[NSK Original]]),"") -> 0.72727273 | AE69: =IFERROR(100%-BASE_DATOS[[#This Row],[NSK]]/BASE_DATOS[[#This Row],[NSK Original]],"") -> 0.18181818 | AF69: =IFERROR(BASE_DATOS[[#This Row],[% Max Des.]]-BASE_DATOS[[#This Row],[% Des]],"") -> 0.54545455 | AI69: =IF(OR(BASE_DATOS[[#This Row],[Hr.]]="",BASE_DATOS[[#This Row],[Hr. Actual]]=""),"",BASE_DATOS[[#This Row],[Hr. Actual]]-BASE_DATOS[[#This Row],[Hr.]]+BASE_DATOS[[#This Row],[Horas Acumuladas]]) | AJ69: =IFERROR(BASE_DATOS[[#This Row],[Precio US$]]/BASE_DATOS[[#This Row],[Horas Rodadas]],"") | AK69: =IFERROR(BASE_DATOS[[#This Row],[Horas Rodadas]]/(BASE_DATOS[[#This Row],[NSK Original]]-BASE_DATOS[[#This Row],[NSK]]),"") | AL69: =IF(BASE_DATOS[[#This Row],[Situación Actual]]="RETIRADO","",IF(BASE_DATOS[[#This Row],[Situación Actual]]="RODANDO",IFERROR(BASE_DATOS[[#This Row],[Hrs/mm]]*(BASE_DATOS[[#This Row],[NSK]]-BASE_DATOS[[#This Row],[NSK Form.]])+BASE_DATOS[[#This Row],[Horas Rodadas]],""))) | AM69: =IFERROR(BASE_DATOS[[#This Row],[Precio US$]]/BASE_DATOS[[#This Row],[Horas Proy.]],"") | AN69: =IF(OR(BASE_DATOS[[#This Row],[Km.]]="",BASE_DATOS[[#This Row],[Km. Actual]]=""),"",BASE_DATOS[[#This Row],[Km. Actual]]-BASE_DATOS[[#This Row],[Km.]]+BASE_DATOS[[#This Row],[Kilómetros Acumulados]]) | AO69: =IFERROR(BASE_DATOS[[#This Row],[Precio US$]]/BASE_DATOS[[#This Row],[Kilómetros Rodados]],"") | AP69: =IFERROR(BASE_DATOS[[#This Row],[Kilómetros Rodados]]/(BASE_DATOS[[#This Row],[NSK Original]]-BASE_DATOS[[#This Row],[NSK]]),"") | AQ69: =IF(BASE_DATOS[[#This Row],[Situación Actual]]="RETIRADO","",IF(BASE_DATOS[[#This Row],[Situación Actual]]="RODANDO",IFERROR(BASE_DATOS[[#This Row],[Kms/ mm]]*(BASE_DATOS[[#This Row],[NSK]]-BASE_DATOS[[#This Row],[NSK Form.]])+BASE_DATOS[[#This Row],[Kilómetros Rodados]],""))) | AR69: =IFERROR(BASE_DATOS[[#This Row],[Precio US$]]/BASE_DATOS[[#This Row],[Kilómetros Proy.]],"") | AS69: Rodando | AY69: =CONCATENATE(BASE_DATOS[[#This Row],[Código_U]]&BASE_DATOS[[#This Row],[Pos.]]&BASE_DATOS[[#This Row],[Situación Actual]]) -> TC-11010Rodando
A70: TC-266 | B70: BWD-772 | C70: Tracto | D70: Direccional | F70: Michelin | G70: 295/80R22.5 | H70: =IF(BASE_DATOS[[#This Row],[N-R]]="N",BASE_DATOS[[#This Row],[Diseño]],"Reencauche") -> XMULTI+Z | I70: XMULTI+Z | J70: N | K70: 16 | L70: 100 | R70: 1 | S70: 45384 | V70: 16 | W70: 15 | X70: 16 | Y70: =IFERROR(MIN(V70:X70),"") -> 15 | Z70: tm | AA70: =IFERROR(BASE_DATOS[[#This Row],[NSK Original]]-BASE_DATOS[[#This Row],[NSK]]," ") -> 1 | AB70: ='NSK-TRACTO'!$A$2 -> 6 | AC70: =IF(BASE_DATOS[[#This Row],[NSK]]>=BASE_DATOS[[#This Row],[NSK Reen]],BASE_DATOS[[#This Row],[NSK Reen]],BASE_DATOS[[#This Row],[NSK]]) -> 6 | AD70: =IFERROR(100%-(BASE_DATOS[[#This Row],[NSK Reen]]/BASE_DATOS[[#This Row],[NSK Original]]),"") -> 0.625 | AE70: =IFERROR(100%-BASE_DATOS[[#This Row],[NSK]]/BASE_DATOS[[#This Row],[NSK Original]],"") -> 0.0625 | AF70: =IFERROR(BASE_DATOS[[#This Row],[% Max Des.]]-BASE_DATOS[[#This Row],[% Des]],"") -> 0.5625 | AI70: =IF(OR(BASE_DATOS[[#This Row],[Hr.]]="",BASE_DATOS[[#This Row],[Hr. Actual]]=""),"",BASE_DATOS[[#This Row],[Hr. Actual]]-BASE_DATOS[[#This Row],[Hr.]]+BASE_DATOS[[#This Row],[Horas Acumuladas]]) | AJ70: =IFERROR(BASE_DATOS[[#This Row],[Precio US$]]/BASE_DATOS[[#This Row],[Horas Rodadas]],"") | AK70: =IFERROR(BASE_DATOS[[#This Row],[Horas Rodadas]]/(BASE_DATOS[[#This Row],[NSK Original]]-BASE_DATOS[[#This Row],[NSK]]),"") | AL70: =IF(BASE_DATOS[[#This Row],[Situación Actual]]="RETIRADO","",IF(BASE_DATOS[[#This Row],[Situación Actual]]="RODANDO",IFERROR(BASE_DATOS[[#This Row],[Hrs/mm]]*(BASE_DATOS[[#This Row],[NSK]]-BASE_DATOS[[#This Row],[NSK Form.]])+BASE_DATOS[[#This Row],[Horas Rodadas]],""))) | AM70: =IFERROR(BASE_DATOS[[#This Row],[Precio US$]]/BASE_DATOS[[#This Row],[Horas Proy.]],"") | AN70: =IF(OR(BASE_DATOS[[#This Row],[Km.]]="",BASE_DATOS[[#This Row],[Km. Actual]]=""),"",BASE_DATOS[[#This Row],[Km. Actual]]-BASE_DATOS[[#This Row],[Km.]]+BASE_DATOS[[#This Row],[Kilómetros Acumulados]]) | AO70: =IFERROR(BASE_DATOS[[#This Row],[Precio US$]]/BASE_DATOS[[#This Row],[Kilómetros Rodados]],"") | AP70: =IFERROR(BASE_DATOS[[#This Row],[Kilómetros Rodados]]/(BASE_DATOS[[#This Row],[NSK Original]]-BASE_DATOS[[#This Row],[NSK]]),"") | AQ70: =IF(BASE_DATOS[[#This Row],[Situación Actual]]="RETIRADO","",IF(BASE_DATOS[[#This Row],[Situación Actual]]="RODANDO",IFERROR(BASE_DATOS[[#This Row],[Kms/ mm]]*(BASE_DATOS[[#This Row],[NSK]]-BASE_DATOS[[#This Row],[NSK Form.]])+BASE_DATOS[[#This Row],[Kilómetros Rodados]],""))) | AR70: =IFERROR(BASE_DATOS[[#This Row],[Precio US$]]/BASE_DATOS[[#This Row],[Kilómetros Proy.]],"") | AS70: Rodando | AV70: x | AY70: =CONCATENATE(BASE_DATOS[[#This Row],[Código_U]]&BASE_DATOS[[#This Row],[Pos.]]&BASE_DATOS[[#This Row],[Situación Actual]]) -> TC-2661Rodando
A71: TC-266 | B71: BWD-772 | C71: Tracto | D71: Direccional | F71: Michelin | G71: 295/80R22.5 | H71: =IF(BASE_DATOS[[#This Row],[N-R]]="N",BASE_DATOS[[#This Row],[Diseño]],"Reencauche") -> XMULTI+Z | I71: XMULTI+Z | J71: N | K71: 16 | L71: 100 | R71: 2 | S71: 45384 | V71: 13 | W71: 12 | X71: 13 | Y71: =IFERROR(MIN(V71:X71),"") -> 12 | Z71: tm | AA71: =IFERROR(BASE_DATOS[[#This Row],[NSK Original]]-BASE_DATOS[[#This Row],[NSK]]," ") -> 4 | AB71: ='NSK-TRACTO'!$A$2 -> 6 | AC71: =IF(BASE_DATOS[[#This Row],[NSK]]>=BASE_DATOS[[#This Row],[NSK Reen]],BASE_DATOS[[#This Row],[NSK Reen]],BASE_DATOS[[#This Row],[NSK]]) -> 6 | AD71: =IFERROR(100%-(BASE_DATOS[[#This Row],[NSK Reen]]/BASE_DATOS[[#This Row],[NSK Original]]),"") -> 0.625 | AE71: =IFERROR(100%-BASE_DATOS[[#This Row],[NSK]]/BASE_DATOS[[#This Row],[NSK Original]],"") -> 0.25 | AF71: =IFERROR(BASE_DATOS[[#This Row],[% Max Des.]]-BASE_DATOS[[#This Row],[% Des]],"") -> 0.375 | AI71: =IF(OR(BASE_DATOS[[#This Row],[Hr.]]="",BASE_DATOS[[#This Row],[Hr. Actual]]=""),"",BASE_DATOS[[#This Row],[Hr. Actual]]-BASE_DATOS[[#This Row],[Hr.]]+BASE_DATOS[[#This Row],[Horas Acumuladas]]) | AJ71: =IFERROR(BASE_DATOS[[#This Row],[Precio US$]]/BASE_DATOS[[#This Row],[Horas Rodadas]],"") | AK71: =IFERROR(BASE_DATOS[[#This Row],[Horas Rodadas]]/(BASE_DATOS[[#This Row],[NSK Original]]-BASE_DATOS[[#This Row],[NSK]]),"") | AL71: =IF(BASE_DATOS[[#This Row],[Situación Actual]]="RETIRADO","",IF(BASE_DATOS[[#This Row],[Situación Actual]]="RODANDO",IFERROR(BASE_DATOS[[#This Row],[Hrs/mm]]*(BASE_DATOS[[#This Row],[NSK]]-BASE_DATOS[[#This Row],[NSK Form.]])+BASE_DATOS[[#This Row],[Horas Rodadas]],""))) | AM71: =IFERROR(BASE_DATOS[[#This Row],[Precio US$]]/BASE_DATOS[[#This Row],[Horas Proy.]],"") | AN71: =IF(OR(BASE_DATOS[[#This Row],[Km.]]="",BASE_DATOS[[#This Row],[Km. Actual]]=""),"",BASE_DATOS[[#This Row],[Km. Actual]]-BASE_DATOS[[#This Row],[Km.]]+BASE_DATOS[[#This Row],[Kilómetros Acumulados]]) | AO71: =IFERROR(BASE_DATOS[[#This Row],[Precio US$]]/BASE_DATOS[[#This Row],[Kilómetros Rodados]],"") | AP71: =IFERROR(BASE_DATOS[[#This Row],[Kilómetros Rodados]]/(BASE_DATOS[[#This Row],[NSK Original]]-BASE_DATOS[[#This Row],[NSK]]),"") | AQ71: =IF(BASE_DATOS[[#This Row],[Situación Actual]]="RETIRADO","",IF(BASE_DATOS[[#This Row],[Situación Actual]]="RODANDO",IFERROR(BASE_DATOS[[#This Row],[Kms/ mm]]*(BASE_DATOS[[#This Row],[NSK]]-BASE_DATOS[[#This Row],[NSK Form.]])+BASE_DATOS[[#This Row],[Kilómetros Rodados]],""))) | AR71: =IFERROR(BASE_DATOS[[#This Row],[Precio US$]]/BASE_DATOS[[#This Row],[Kilómetros Proy.]],"") | AS71: Rodando | AV71: x | AY71: =CONCATENATE(BASE_DATOS[[#This Row],[Código_U]]&BASE_DATOS[[#This Row],[Pos.]]&BASE_DATOS[[#This Row],[Situación Actual]]) -> TC-2662Rodando
A72: TC-266 | B72: BWD-772 | C72: Tracto | D72: Tracción | F72: Michelin | G72: 295/80R22.5 | H72: =IF(BASE_DATOS[[#This Row],[N-R]]="N",BASE_DATOS[[#This Row],[Diseño]],"Reencauche") -> XMULTI2D | I72: XMULTI2D | J72: N | K72: 21.4 | L72: 110 | R72: 3 | S72: 45384 | V72: 16 | X72: 16 | Y72: =IFERROR(MIN(V72:X72),"") -> 16 | Z72: st | AA72: =IFERROR(BASE_DATOS[[#This Row],[NSK Original]]-BASE_DATOS[[#This Row],[NSK]]," ") -> 5.4 | AB72: ='NSK-TRACTO'!$A$2 -> 6 | AC72: =IF(BASE_DATOS[[#This Row],[NSK]]>=BASE_DATOS[[#This Row],[NSK Reen]],BASE_DATOS[[#This Row],[NSK Reen]],BASE_DATOS[[#This Row],[NSK]]) -> 6 | AD72: =IFERROR(100%-(BASE_DATOS[[#This Row],[NSK Reen]]/BASE_DATOS[[#This Row],[NSK Original]]),"") -> 0.71962617 | AE72: =IFERROR(100%-BASE_DATOS[[#This Row],[NSK]]/BASE_DATOS[[#This Row],[NSK Original]],"") -> 0.25233645 | AF72: =IFERROR(BASE_DATOS[[#This Row],[% Max Des.]]-BASE_DATOS[[#This Row],[% Des]],"") -> 0.46728972 | AI72: =IF(OR(BASE_DATOS[[#This Row],[Hr.]]="",BASE_DATOS[[#This Row],[Hr. Actual]]=""),"",BASE_DATOS[[#This Row],[Hr. Actual]]-BASE_DATOS[[#This Row],[Hr.]]+BASE_DATOS[[#This Row],[Horas Acumuladas]]) | AJ72: =IFERROR(BASE_DATOS[[#This Row],[Precio US$]]/BASE_DATOS[[#This Row],[Horas Rodadas]],"") | AK72: =IFERROR(BASE_DATOS[[#This Row],[Horas Rodadas]]/(BASE_DATOS[[#This Row],[NSK Original]]-BASE_DATOS[[#This Row],[NSK]]),"") | AL72: =IF(BASE_DATOS[[#This Row],[Situación Actual]]="RETIRADO","",IF(BASE_DATOS[[#This Row],[Situación Actual]]="RODANDO",IFERROR(BASE_DATOS[[#This Row],[Hrs/mm]]*(BASE_DATOS[[#This Row],[NSK]]-BASE_DATOS[[#This Row],[NSK Form.]])+BASE_DATOS[[#This Row],[Horas Rodadas]],""))) | AM72: =IFERROR(BASE_DATOS[[#This Row],[Precio US$]]/BASE_DATOS[[#This Row],[Horas Proy.]],"") | AN72: =IF(OR(BASE_DATOS[[#This Row],[Km.]]="",BASE_DATOS[[#This Row],[Km. Actual]]=""),"",BASE_DATOS[[#This Row],[Km. Actual]]-BASE_DATOS[[#This Row],[Km.]]+BASE_DATOS[[#This Row],[Kilómetros Acumulados]]) | AO72: =IFERROR(BASE_DATOS[[#This Row],[Precio US$]]/BASE_DATOS[[#This Row],[Kilómetros Rodados]],"") | AP72: =IFERROR(BASE_DATOS[[#This Row],[Kilómetros Rodados]]/(BASE_DATOS[[#This Row],[NSK Original]]-BASE_DATOS[[#This Row],[NSK]]),"") | AQ72: =IF(BASE_DATOS[[#This Row],[Situación Actual]]="RETIRADO","",IF(BASE_DATOS[[#This Row],[Situación Actual]]="RODANDO",IFERROR(BASE_DATOS[[#This Row],[Kms/ mm]]*(BASE_DATOS[[#This Row],[NSK]]-BASE_DATOS[[#This Row],[NSK Form.]])+BASE_DATOS[[#This Row],[Kilómetros Rodados]],""))) | AR72: =IFERROR(BASE_DATOS[[#This Row],[Precio US$]]/BASE_DATOS[[#This Row],[Kilómetros Proy.]],"") | AS72: Rodando | AY72: =CONCATENATE(BASE_DATOS[[#This Row],[Código_U]]&BASE_DATOS[[#This Row],[Pos.]]&BASE_DATOS[[#This Row],[Situación Actual]]) -> TC-2663Rodando
A73: TC-266 | B73: BWD-772 | C73: Tracto | D73: Tracción | F73: Michelin | G73: 295/80R22.5 | H73: =IF(BASE_DATOS[[#This Row],[N-R]]="N",BASE_DATOS[[#This Row],[Diseño]],"Reencauche") -> XMULTI2D | I73: XMULTI2D | J73: N | K73: 21.4 | L73: 110 | R73: 4 | S73: 45384 | V73: 16 | X73: 16 | Y73: =IFERROR(MIN(V73:X73),"") -> 16 | Z73: tm | AA73: =IFERROR(BASE_DATOS[[#This Row],[NSK Original]]-BASE_DATOS[[#This Row],[NSK]]," ") -> 5.4 | AB73: ='NSK-TRACTO'!$A$2 -> 6 | AC73: =IF(BASE_DATOS[[#This Row],[NSK]]>=BASE_DATOS[[#This Row],[NSK Reen]],BASE_DATOS[[#This Row],[NSK Reen]],BASE_DATOS[[#This Row],[NSK]]) -> 6 | AD73: =IFERROR(100%-(BASE_DATOS[[#This Row],[NSK Reen]]/BASE_DATOS[[#This Row],[NSK Original]]),"") -> 0.71962617 | AE73: =IFERROR(100%-BASE_DATOS[[#This Row],[NSK]]/BASE_DATOS[[#This Row],[NSK Original]],"") -> 0.25233645 | AF73: =IFERROR(BASE_DATOS[[#This Row],[% Max Des.]]-BASE_DATOS[[#This Row],[% Des]],"") -> 0.46728972 | AI73: =IF(OR(BASE_DATOS[[#This Row],[Hr.]]="",BASE_DATOS[[#This Row],[Hr. Actual]]=""),"",BASE_DATOS[[#This Row],[Hr. Actual]]-BASE_DATOS[[#This Row],[Hr.]]+BASE_DATOS[[#This Row],[Horas Acumuladas]]) | AJ73: =IFERROR(BASE_DATOS[[#This Row],[Precio US$]]/BASE_DATOS[[#This Row],[Horas Rodadas]],"") | AK73: =IFERROR(BASE_DATOS[[#This Row],[Horas Rodadas]]/(BASE_DATOS[[#This Row],[NSK Original]]-BASE_DATOS[[#This Row],[NSK]]),"") | AL73: =IF(BASE_DATOS[[#This Row],[Situación Actual]]="RETIRADO","",IF(BASE_DATOS[[#This Row],[Situación Actual]]="RODANDO",IFERROR(BASE_DATOS[[#This Row],[Hrs/mm]]*(BASE_DATOS[[#This Row],[NSK]]-BASE_DATOS[[#This Row],[NSK Form.]])+BASE_DATOS[[#This Row],[Horas Rodadas]],""))) | AM73: =IFERROR(BASE_DATOS[[#This Row],[Precio US$]]/BASE_DATOS[[#This Row],[Horas Proy.]],"") | AN73: =IF(OR(BASE_DATOS[[#This Row],[Km.]]="",BASE_DATOS[[#This Row],[Km. Actual]]=""),"",BASE_DATOS[[#This Row],[Km. Actual]]-BASE_DATOS[[#This Row],[Km.]]+BASE_DATOS[[#This Row],[Kilómetros Acumulados]]) | AO73: =IFERROR(BASE_DATOS[[#This Row],[Precio US$]]/BASE_DATOS[[#This Row],[Kilómetros Rodados]],"") | AP73: =IFERROR(BASE_DATOS[[#This Row],[Kilómetros Rodados]]/(BASE_DATOS[[#This Row],[NSK Original]]-BASE_DATOS[[#This Row],[NSK]]),"") | AQ73: =IF(BASE_DATOS[[#This Row],[Situación Actual]]="RETIRADO","",IF(BASE_DATOS[[#This Row],[Situación Actual]]="RODANDO",IFERROR(BASE_DATOS[[#This Row],[Kms/ mm]]*(BASE_DATOS[[#This Row],[NSK]]-BASE_DATOS[[#This Row],[NSK Form.]])+BASE_DATOS[[#This Row],[Kilómetros Rodados]],""))) | AR73: =IFERROR(BASE_DATOS[[#This Row],[Precio US$]]/BASE_DATOS[[#This Row],[Kilómetros Proy.]],"") | AS73: Rodando | AY73: =CONCATENATE(BASE_DATOS[[#This Row],[Código_U]]&BASE_DATOS[[#This Row],[Pos.]]&BASE_DATOS[[#This Row],[Situación Actual]]) -> TC-2664Rodando
A74: TC-266 | B74: BWD-772 | C74: Tracto | D74: Tracción | F74: Michelin | G74: 295/80R22.5 | H74: =IF(BASE_DATOS[[#This Row],[N-R]]="N",BASE_DATOS[[#This Row],[Diseño]],"Reencauche") -> XMULTI2D | I74: XMULTI2D | J74: N | K74: 21.4 | L74: 110 | R74: 5 | S74: 45384 | V74: 17 | X74: 17 | Y74: =IFERROR(MIN(V74:X74),"") -> 17 | Z74: tm | AA74: =IFERROR(BASE_DATOS[[#This Row],[NSK Original]]-BASE_DATOS[[#This Row],[NSK]]," ") -> 4.4 | AB74: ='NSK-TRACTO'!$A$2 -> 6 | AC74: =IF(BASE_DATOS[[#This Row],[NSK]]>=BASE_DATOS[[#This Row],[NSK Reen]],BASE_DATOS[[#This Row],[NSK Reen]],BASE_DATOS[[#This Row],[NSK]]) -> 6 | AD74: =IFERROR(100%-(BASE_DATOS[[#This Row],[NSK Reen]]/BASE_DATOS[[#This Row],[NSK Original]]),"") -> 0.71962617 | AE74: =IFERROR(100%-BASE_DATOS[[#This Row],[NSK]]/BASE_DATOS[[#This Row],[NSK Original]],"") -> 0.20560748 | AF74: =IFERROR(BASE_DATOS[[#This Row],[% Max Des.]]-BASE_DATOS[[#This Row],[% Des]],"") -> 0.51401869 | AI74: =IF(OR(BASE_DATOS[[#This Row],[Hr.]]="",BASE_DATOS[[#This Row],[Hr. Actual]]=""),"",BASE_DATOS[[#This Row],[Hr. Actual]]-BASE_DATOS[[#This Row],[Hr.]]+BASE_DATOS[[#This Row],[Horas Acumuladas]]) | AJ74: =IFERROR(BASE_DATOS[[#This Row],[Precio US$]]/BASE_DATOS[[#This Row],[Horas Rodadas]],"") | AK74: =IFERROR(BASE_DATOS[[#This Row],[Horas Rodadas]]/(BASE_DATOS[[#This Row],[NSK Original]]-BASE_DATOS[[#This Row],[NSK]]),"") | AL74: =IF(BASE_DATOS[[#This Row],[Situación Actual]]="RETIRADO","",IF(BASE_DATOS[[#This Row],[Situación Actual]]="RODANDO",IFERROR(BASE_DATOS[[#This Row],[Hrs/mm]]*(BASE_DATOS[[#This Row],[NSK]]-BASE_DATOS[[#This Row],[NSK Form.]])+BASE_DATOS[[#This Row],[Horas Rodadas]],""))) | AM74: =IFERROR(BASE_DATOS[[#This Row],[Precio US$]]/BASE_DATOS[[#This Row],[Horas Proy.]],"") | AN74: =IF(OR(BASE_DATOS[[#This Row],[Km.]]="",BASE_DATOS[[#This Row],[Km. Actual]]=""),"",BASE_DATOS[[#This Row],[Km. Actual]]-BASE_DATOS[[#This Row],[Km.]]+BASE_DATOS[[#This Row],[Kilómetros Acumulados]]) | AO74: =IFERROR(BASE_DATOS[[#This Row],[Precio US$]]/BASE_DATOS[[#This Row],[Kilómetros Rodados]],"") | AP74: =IFERROR(BASE_DATOS[[#This Row],[Kilómetros Rodados]]/(BASE_DATOS[[#This Row],[NSK Original]]-BASE_DATOS[[#This Row],[NSK]]),"") | AQ74: =IF(BASE_DATOS[[#This Row],[Situación Actual]]="RETIRADO","",IF(BASE_DATOS[[#This Row],[Situación Actual]]="RODANDO",IFERROR(BASE_DATOS[[#This Row],[Kms/ mm]]*(BASE_DATOS[[#This Row],[NSK]]-BASE_DATOS[[#This Row],[NSK Form.]])+BASE_DATOS[[#This Row],[Kilómetros Rodados]],""))) | AR74: =IFERROR(BASE_DATOS[[#This Row],[Precio US$]]/BASE_DATOS[[#This Row],[Kilómetros Proy.]],"") | AS74: Rodando | AY74: =CONCATENATE(BASE_DATOS[[#This Row],[Código_U]]&BASE_DATOS[[#This Row],[Pos.]]&BASE_DATOS[[#This Row],[Situación Actual]]) -> TC-2665Rodando
A75: TC-266 | B75: BWD-772 | C75: Tracto | D75: Tracción | F75: Michelin | G75: 295/80R22.5 | H75: =IF(BASE_DATOS[[#This Row],[N-R]]="N",BASE_DATOS[[#This Row],[Diseño]],"Reencauche") -> XMULTI2D | I75: XMULTI2D | J75: N | K75: 21.4 | L75: 110 | R75: 6 | S75: 45384 | V75: 17 | X75: 17 | Y75: =IFERROR(MIN(V75:X75),"") -> 17 | Z75: st | AA75: =IFERROR(BASE_DATOS[[#This Row],[NSK Original]]-BASE_DATOS[[#This Row],[NSK]]," ") -> 4.4 | AB75: ='NSK-TRACTO'!$A$2 -> 6 | AC75: =IF(BASE_DATOS[[#This Row],[NSK]]>=BASE_DATOS[[#This Row],[NSK Reen]],BASE_DATOS[[#This Row],[NSK Reen]],BASE_DATOS[[#This Row],[NSK]]) -> 6 | AD75: =IFERROR(100%-(BASE_DATOS[[#This Row],[NSK Reen]]/BASE_DATOS[[#This Row],[NSK Original]]),"") -> 0.71962617 | AE75: =IFERROR(100%-BASE_DATOS[[#This Row],[NSK]]/BASE_DATOS[[#This Row],[NSK Original]],"") -> 0.20560748 | AF75: =IFERROR(BASE_DATOS[[#This Row],[% Max Des.]]-BASE_DATOS[[#This Row],[% Des]],"") -> 0.51401869 | AI75: =IF(OR(BASE_DATOS[[#This Row],[Hr.]]="",BASE_DATOS[[#This Row],[Hr. Actual]]=""),"",BASE_DATOS[[#This Row],[Hr. Actual]]-BASE_DATOS[[#This Row],[Hr.]]+BASE_DATOS[[#This Row],[Horas Acumuladas]]) | AJ75: =IFERROR(BASE_DATOS[[#This Row],[Precio US$]]/BASE_DATOS[[#This Row],[Horas Rodadas]],"") | AK75: =IFERROR(BASE_DATOS[[#This Row],[Horas Rodadas]]/(BASE_DATOS[[#This Row],[NSK Original]]-BASE_DATOS[[#This Row],[NSK]]),"") | AL75: =IF(BASE_DATOS[[#This Row],[Situación Actual]]="RETIRADO","",IF(BASE_DATOS[[#This Row],[Situación Actual]]="RODANDO",IFERROR(BASE_DATOS[[#This Row],[Hrs/mm]]*(BASE_DATOS[[#This Row],[NSK]]-BASE_DATOS[[#This Row],[NSK Form.]])+BASE_DATOS[[#This Row],[Horas Rodadas]],""))) | AM75: =IFERROR(BASE_DATOS[[#This Row],[Precio US$]]/BASE_DATOS[[#This Row],[Horas Proy.]],"") | AN75: =IF(OR(BASE_DATOS[[#This Row],[Km.]]="",BASE_DATOS[[#This Row],[Km. Actual]]=""),"",BASE_DATOS[[#This Row],[Km. Actual]]-BASE_DATOS[[#This Row],[Km.]]+BASE_DATOS[[#This Row],[Kilómetros Acumulados]]) | AO75: =IFERROR(BASE_DATOS[[#This Row],[Precio US$]]/BASE_DATOS[[#This Row],[Kilómetros Rodados]],"") | AP75: =IFERROR(BASE_DATOS[[#This Row],[Kilómetros Rodados]]/(BASE_DATOS[[#This Row],[NSK Original]]-BASE_DATOS[[#This Row],[NSK]]),"") | AQ75: =IF(BASE_DATOS[[#This Row],[Situación Actual]]="RETIRADO","",IF(BASE_DATOS[[#This Row],[Situación Actual]]="RODANDO",IFERROR(BASE_DATOS[[#This Row],[Kms/ mm]]*(BASE_DATOS[[#This Row],[NSK]]-BASE_DATOS[[#This Row],[NSK Form.]])+BASE_DATOS[[#This Row],[Kilómetros Rodados]],""))) | AR75: =IFERROR(BASE_DATOS[[#This Row],[Precio US$]]/BASE_DATOS[[#This Row],[Kilómetros Proy.]],"") | AS75: Rodando | AY75: =CONCATENATE(BASE_DATOS[[#This Row],[Código_U]]&BASE_DATOS[[#This Row],[Pos.]]&BASE_DATOS[[#This Row],[Situación Actual]]) -> TC-2666Rodando
A76: TC-266 | B76: BWD-772 | C76: Tracto | D76: Tracción | F76: Michelin | G76: 295/80R22.5 | H76: =IF(BASE_DATOS[[#This Row],[N-R]]="N",BASE_DATOS[[#This Row],[Diseño]],"Reencauche") -> XMULTI2D | I76: XMULTI2D | J76: N | K76: 21.4 | L76: 110 | R76: 7 | S76: 45384 | V76: 17 | X76: 17 | Y76: =IFERROR(MIN(V76:X76),"") -> 17 | Z76: tm | AA76: =IFERROR(BASE_DATOS[[#This Row],[NSK Original]]-BASE_DATOS[[#This Row],[NSK]]," ") -> 4.4 | AB76: ='NSK-TRACTO'!$A$2 -> 6 | AC76: =IF(BASE_DATOS[[#This Row],[NSK]]>=BASE_DATOS[[#This Row],[NSK Reen]],BASE_DATOS[[#This Row],[NSK Reen]],BASE_DATOS[[#This Row],[NSK]]) -> 6 | AD76: =IFERROR(100%-(BASE_DATOS[[#This Row],[NSK Reen]]/BASE_DATOS[[#This Row],[NSK Original]]),"") -> 0.71962617 | AE76: =IFERROR(100%-BASE_DATOS[[#This Row],[NSK]]/BASE_DATOS[[#This Row],[NSK Original]],"") -> 0.20560748 | AF76: =IFERROR(BASE_DATOS[[#This Row],[% Max Des.]]-BASE_DATOS[[#This Row],[% Des]],"") -> 0.51401869 | AI76: =IF(OR(BASE_DATOS[[#This Row],[Hr.]]="",BASE_DATOS[[#This Row],[Hr. Actual]]=""),"",BASE_DATOS[[#This Row],[Hr. Actual]]-BASE_DATOS[[#This Row],[Hr.]]+BASE_DATOS[[#This Row],[Horas Acumuladas]]) | AJ76: =IFERROR(BASE_DATOS[[#This Row],[Precio US$]]/BASE_DATOS[[#This Row],[Horas Rodadas]],"") | AK76: =IFERROR(BASE_DATOS[[#This Row],[Horas Rodadas]]/(BASE_DATOS[[#This Row],[NSK Original]]-BASE_DATOS[[#This Row],[NSK]]),"") | AL76: =IF(BASE_DATOS[[#This Row],[Situación Actual]]="RETIRADO","",IF(BASE_DATOS[[#This Row],[Situación Actual]]="RODANDO",IFERROR(BASE_DATOS[[#This Row],[Hrs/mm]]*(BASE_DATOS[[#This Row],[NSK]]-BASE_DATOS[[#This Row],[NSK Form.]])+BASE_DATOS[[#This Row],[Horas Rodadas]],""))) | AM76: =IFERROR(BASE_DATOS[[#This Row],[Precio US$]]/BASE_DATOS[[#This Row],[Horas Proy.]],"") | AN76: =IF(OR(BASE_DATOS[[#This Row],[Km.]]="",BASE_DATOS[[#This Row],[Km. Actual]]=""),"",BASE_DATOS[[#This Row],[Km. Actual]]-BASE_DATOS[[#This Row],[Km.]]+BASE_DATOS[[#This Row],[Kilómetros Acumulados]]) | AO76: =IFERROR(BASE_DATOS[[#This Row],[Precio US$]]/BASE_DATOS[[#This Row],[Kilómetros Rodados]],"") | AP76: =IFERROR(BASE_DATOS[[#This Row],[Kilómetros Rodados]]/(BASE_DATOS[[#This Row],[NSK Original]]-BASE_DATOS[[#This Row],[NSK]]),"") | AQ76: =IF(BASE_DATOS[[#This Row],[Situación Actual]]="RETIRADO","",IF(BASE_DATOS[[#This Row],[Situación Actual]]="RODANDO",IFERROR(BASE_DATOS[[#This Row],[Kms/ mm]]*(BASE_DATOS[[#This Row],[NSK]]-BASE_DATOS[[#This Row],[NSK Form.]])+BASE_DATOS[[#This Row],[Kilómetros Rodados]],""))) | AR76: =IFERROR(BASE_DATOS[[#This Row],[Precio US$]]/BASE_DATOS[[#This Row],[Kilómetros Proy.]],"") | AS76: Rodando | AY76: =CONCATENATE(BASE_DATOS[[#This Row],[Código_U]]&BASE_DATOS[[#This Row],[Pos.]]&BASE_DATOS[[#This Row],[Situación Actual]]) -> TC-2667Rodando
